公众号名称,日期,标题,链接
债文新说,2026-08-03 17:14,太原！8月21-22日（周五周六）农商行利率债波段交易的破局之道暨国债期货&amp;现券实盘技术分析精讲,https://mp.weixin.qq.com/s/iIWpr-_GDteaSVhmFSUrxw
银华固收交易,2026-08-05 20:12,【银华基金】交易日报2026-08-05,https://mp.weixin.qq.com/s/e1O320yVCWr-7YzMaEUJ1g
覃汉研究笔记,2026-08-05 00:00,机构行为 | 交易盘不退场，债牛不散场,https://mp.weixin.qq.com/s/7gHXcErRS6yPulDkTXmNJg
覃汉研究笔记,2026-08-04 00:00,问卷点评 | 8月债市怎么看？,https://mp.weixin.qq.com/s/T_R3a3_ue4yAis0ep98UiQ
覃汉研究笔记,2026-08-03 07:00,量化 | 曲线定价分化：中枢看海外，斜率看流动性,https://mp.weixin.qq.com/s/DVMFPNGOWRNfBJ7xRm3eAA
覃汉研究笔记,2026-08-02 18:25,流动性 | 关注同业存单的投资价值,https://mp.weixin.qq.com/s/_b6Yy_ks4RsUNXGwFpoD2Q
债文新说,2026-08-05 16:32,8月债市“买预期”还能走多远？,https://mp.weixin.qq.com/s/yjko1tZj6Xcqxm8a02ojGA
债文新说,2026-08-05 11:54,8月债市供给还有高峰吗？,https://mp.weixin.qq.com/s/TnOHyGSmCAMBxgSDdGdHEQ
债文新说,2026-08-05 08:00,超量&amp;降息，债市已经急不可耐了,https://mp.weixin.qq.com/s/WR-g29B18ktU8SKtNAixLA
债文新说,2026-08-05 07:30,小作文太多,https://mp.weixin.qq.com/s/_6SeUsbdP9s8sYScwV9w9w
债文新说,2026-08-04 17:25,债又是被小作文硬控的一天！！！,https://mp.weixin.qq.com/s/-i27OpUhoR7LgIBDzIHsBg
债文新说,2026-08-04 11:22,7月资金面复盘：从总量压力到结构性波动,https://mp.weixin.qq.com/s/_8pFWskmcaAFZYBh_qH1fQ
债文新说,2026-08-04 08:01,投降的人，和一块一毛七的误会,https://mp.weixin.qq.com/s/ow7XRWOSNuMD1-w5YMTE5g
债文新说,2026-08-04 07:30,10年国债再度挑战1.7%，这次不一样？,https://mp.weixin.qq.com/s/UHgblh7aJI8u6JXd7h3aQQ
债文新说,2026-08-03 17:14,大行金市久期,https://mp.weixin.qq.com/s/yzsoXajMwkUBBYGaVkQ6Ng
债文新说,2026-08-03 11:30,短期内若干不利于债市的因素,https://mp.weixin.qq.com/s/qn-RnExuhJwj98RoRI2Uuw
债文新说,2026-08-03 08:00,10Y利率下行或受阻,https://mp.weixin.qq.com/s/awHJ_CT4DrgS4hnZ2W9qog
债文新说,2026-08-02 20:54,连下两城，债牛迎来新起点,https://mp.weixin.qq.com/s/r4CNwVmqkWd-ZPsiFKhqEA
债文新说,2026-08-01 20:30,银行视角看“双降”,https://mp.weixin.qq.com/s/_YQJaiDqfzsXfTVxwmVcEA
债文新说,2026-08-01 15:30,政治局会议落地，债市突破做多？,https://mp.weixin.qq.com/s/8B5pbrPKAwsA0xZA0wdTFQ
债文新说,2026-08-01 10:57,当你16:45发现交易忘提...,https://mp.weixin.qq.com/s/mseUPV5TUd-vUXNmpWgRWQ
债文新说,2026-07-31 16:48,股债跷跷板可能回归,https://mp.weixin.qq.com/s/2rsK3cU88mBhyjZFp9vq8Q
债文新说,2026-07-31 08:00,0.76%，福费廷利率创历史新低！,https://mp.weixin.qq.com/s/JyXbAl5Owmsjs-szlK19MA
债文新说,2026-07-31 07:30,政治局会议释放的八大信号,https://mp.weixin.qq.com/s/8Z_iKz-jjn5hpC4PQY8jJw
债文新说,2026-07-30 17:16,zzj会议燃爆尾盘！,https://mp.weixin.qq.com/s/7nhMSIhSOZjc2o_4pjHIhw
债文新说,2026-07-30 08:21,央行基准利率如何切换？,https://mp.weixin.qq.com/s/87dG5bt5eqKpdO4RLkv3sw
债文新说,2026-07-30 07:52,对近期资金和CD的看法,https://mp.weixin.qq.com/s/tvx3SoA5zPgPOt0BdcgmtA
债文新说,2026-07-29 17:13,10Y-30Y压不动了？压利差这盘棋，有点疲了，还是回归老路径吧,https://mp.weixin.qq.com/s/ODTRipwV0DM_mTWWfQcbiA
天风研究,2026-08-01 15:05,历九弥新·上下求索｜天风首席联盟研究框架培训·第九季,https://mp.weixin.qq.com/s/53_br9IfMBCrd9Hh82SpkQ
天风研究,2026-08-05 07:40,第三期｜研究框架培训·第九季——历九弥新·上下求索,https://mp.weixin.qq.com/s/2_D7e8KsocTNGDmBx2Fz3Q
天风研究,2026-08-03 08:03,第一期｜研究框架培训·第九季——历九弥新·上下求索,https://mp.weixin.qq.com/s/mJtccxpTERby4Zrj1Up5WQ
天风研究,2026-08-01 17:49,天风研究｜730政治局会议联合解读,https://mp.weixin.qq.com/s/REo_-RBSLOM805NZNe7ttg
天风研究,2026-07-31 07:36,天风策略吴开达：提升资本市场韧性和信心——7月政治局会议学习,https://mp.weixin.qq.com/s/PvXc7xZA6vQ23boMgpL4Qg
天风研究,2026-07-30 07:35,天风MorningCall·0730 | 策略-“六张网”投资有望加速/银行-对近期资金和CD的看法,https://mp.weixin.qq.com/s/C0GFSVoCcI8xROwE9posTQ
天风研究,2026-08-02 17:00,天风·固收 | 经济K型，政策何解？,https://mp.weixin.qq.com/s/Fgb2hO8X6BC6g9OuAxNCkg
天风研究,2026-07-29 07:31,天风MorningCall·0729 | 固收-信用策略周报/银行-三季度大行△EVE情况如何？,https://mp.weixin.qq.com/s/4cj3c2NzPXR_nBTCRASGEg
中金固定收益研究,2026-08-05 19:02,260805BondDaily-7月境外债月报：美伊冲突反复、美联储暂不加息,https://mp.weixin.qq.com/s/g3r9TJsxN9EyTIlGb25G_g
中金固定收益研究,2026-08-05 18:33,【中金固收·信用】7月境外债月报：美伊冲突反复、美联储暂不加息,https://mp.weixin.qq.com/s/wM5Kd_zrZSTm7Km0lr0gew
中金固定收益研究,2026-08-04 18:08,【中金·REITs】估值比价压力缓解，优化结构静待催化——公募REITs月报（2026-7）,https://mp.weixin.qq.com/s/ZnxUZM5j2G8juN_VgIGtoA
中金固定收益研究,2026-08-03 23:40,260803BondDaily-港交所中国国债期货上线，衍生品对外开放再下一城,https://mp.weixin.qq.com/s/ajzvY1hRJi550CiTvByDiA
中金固定收益研究,2026-08-01 20:03,【中金固收·债市调查】股市回调后，债券利率会下行突破么？——中金债券市场调查2026年7月期,https://mp.weixin.qq.com/s/lmF18kcBGLNSoHXgYyJh6Q
中金固定收益研究,2026-07-30 22:34,260730BondDaily-财政落实存量政策，货币推动增量政策，债牛加速——2026年7月政治局经济会议点评,https://mp.weixin.qq.com/s/k5MeIjLN-s4YaR7sF7uG8Q
中金固定收益研究,2026-07-30 19:57,【中金固收】财政落实存量政策，货币推动增量政策，债牛加速——2026年7月政治局经济会议点评,https://mp.weixin.qq.com/s/ZCOnR6u-9f7XTLmzoOX_3A
中金固定收益研究,2026-07-29 20:47,260729BondDaily-信用债低位震荡，本周关注政治局会议,https://mp.weixin.qq.com/s/A5nbEH13OKcNJ-nvyOB1Vw
银华固收交易,2026-08-04 20:20,【银华基金】交易日报2026-08-04,https://mp.weixin.qq.com/s/VEMIf20v41RwNik5IPe46g
银华固收交易,2026-08-03 18:18,【银华基金】交易日报2026-08-03,https://mp.weixin.qq.com/s/xhZE_ij6uWR_XZMgAk8jfw
银华固收交易,2026-07-31 17:18,【银华基金】交易日报2026-07-31,https://mp.weixin.qq.com/s/Pj9IBPeViBN7WYRwS3pN6A
银华固收交易,2026-07-30 23:14,【银华基金】交易日报2026-07-30,https://mp.weixin.qq.com/s/QnIfwfB1vFnkNEY_xCuSbA
银华固收交易,2026-07-29 17:37,【银华基金】交易日报2026-07-29,https://mp.weixin.qq.com/s/yEtO53Hi5PJigxmQMML4Jw
知行合一9527,2026-01-17 14:07,隔壁老A【年度】分析报告精华版+债市周报,https://mp.weixin.qq.com/s/U_OCCq0JslkK2fEkuMztNw
岛上葫芦娃,2025-12-28 14:10,2025技术复盘，2026技术预测,https://mp.weixin.qq.com/s/hEuw8O-5LXoU6KAtA37TmQ
川阅全球宏观,2026-08-05 21:37,美债在定价什么？（国联民生宏观林彦）,https://mp.weixin.qq.com/s/2pS0w187-1R88TJkCazM4A
川阅全球宏观,2026-08-02 19:30,跨越“千禧年”的大宗商品镜像（国联民生宏观陈艺鑫）,https://mp.weixin.qq.com/s/dVzHE-BIzA1x06VstzHYIw
川阅全球宏观,2026-07-30 17:04,政治局会议: 发力提效的几个信号（国联民生宏观陶川）,https://mp.weixin.qq.com/s/k0ugN832cnfIIUwpn9n4vA
川阅全球宏观,2026-07-20 22:32,从调研脉络看重要会议信号（国联民生宏观钟渝梅）,https://mp.weixin.qq.com/s/yKCeJk4G1ibHbs3fBAYU_w
损益笔记,2026-03-23 16:20,国际熊日评,https://mp.weixin.qq.com/s/kZCKxxdkfnQLJGUhLcQrpw
每调买机,2026-07-31 15:56,7.31：月线多头炮，超大周期多头主导，日线警惕冲高回落，综合建议每条买鸡，每冲不追鸡,https://mp.weixin.qq.com/s/C1OkNkDWXepqwNxlEM4eDA
每调买机,2026-07-22 15:56,7.22：TL正式进入多头择向阶段，建议交易按钮只设置多开和多平,https://mp.weixin.qq.com/s/8o5BPIynCx2iZ3gcwYY4Sw
上海国际货币经纪,2026-08-05 18:03,收盘日评 | 银行间固收市场20260805,https://mp.weixin.qq.com/s/-wvZeSmNVDuGZ4B3qrU4yg
上海国际货币经纪,2026-08-03 17:57,中资外币债券周报 | 20260727-20260731,https://mp.weixin.qq.com/s/nb1y9Nx3YcT5LfBwzU2blg
上海国际货币经纪,2026-07-31 18:36,收盘日评 | 银行间固收市场20260731,https://mp.weixin.qq.com/s/YE79D54U_94wDtGL5E7NoA
上海国际货币经纪,2026-07-30 18:02,收盘日评 | 银行间固收市场20260730,https://mp.weixin.qq.com/s/It5K9kEillS_DSUnUxJX_A
上海国际货币经纪,2026-07-29 18:02,收盘日评 | 银行间固收市场20260729,https://mp.weixin.qq.com/s/myTNVlUwhatGEGU_rs1PnA
债券笔记,2024-04-11 21:03,《笔记哥•债券基础手册》,https://mp.weixin.qq.com/s/PgmQKQ2UCWAJ3K4njhMKNg
债市唤醒官,2026-08-05 18:15,2026-0805-昨天的大单飞走了？,https://mp.weixin.qq.com/s/mhApaqF_84-YgturAdM93A
债市唤醒官,2026-08-04 17:06,2026-0804-又回到小作文驱动债券了？,https://mp.weixin.qq.com/s/Re7lB-XgrPXMIj0-fUd7eg
债市唤醒官,2026-08-02 19:58,夜热依然午热同，开门小立月明中,https://mp.weixin.qq.com/s/qyWFv0LG_y7rcfvE8s_ivA
债市唤醒官,2026-07-31 17:26,2026-0731-看谁勇敢的tkn下去！,https://mp.weixin.qq.com/s/e6uwzPP2ckrbSE-BJ_fANQ
债市唤醒官,2026-07-29 18:01,2026-0729-普信票息行情继续~,https://mp.weixin.qq.com/s/_6GIueVZ0d6Ql4RIkwR3zQ
交易圈,2026-07-18 23:02,8月7日-8日周五六 长沙 ｜ 债券投资策略与实战交易系统构建暨利率波段、国债期货应用与微观择时实战研修班,https://mp.weixin.qq.com/s/RLfNvKev6kjNZzq04NSTeA
屈庆债券论坛,2026-08-05 13:11,华创证券资管部债券研究员招聘,https://mp.weixin.qq.com/s/0TMGygYVQCpbj6l09Ve-NA
屈庆债券论坛,2026-08-04 14:15,华创证券资管部债券研究员招聘,https://mp.weixin.qq.com/s/WOh4Ii4GnUOmDSwL0ygAtA
屈庆债券论坛,2026-08-03 09:18,华创证券资管部债券研究员招聘,https://mp.weixin.qq.com/s/7okVlc99QIIxlo59hP2-5w
屈庆债券论坛,2026-08-02 10:00,华创证券资管部债券研究员招聘,https://mp.weixin.qq.com/s/fr7KGz6RWL6AsDLT829JKQ
屈庆债券论坛,2026-07-30 16:40,华创资管模拟盘邀请函（2026年8月）,https://mp.weixin.qq.com/s/XfsE_CX1Og2ZHajxOQ050g
屈庆债券论坛,2026-07-24 15:11,华创资管模拟盘邀请函（2026年8月）,https://mp.weixin.qq.com/s/nMsLqC2TJdjNHOdBxy-b5A
知行合一9527,2026-08-05 21:14,突破5000粉，感谢各位粉丝大大的支持！,https://mp.weixin.qq.com/s/SjcGjNjOj9RyKVEZdwaHgA
知行合一9527,2026-08-04 21:51,明天上午应该是个跑路的机会,https://mp.weixin.qq.com/s/IfdcWdXvV920AjKK-YwA8Q
知行合一9527,2026-07-31 00:23,三小时,https://mp.weixin.qq.com/s/GJZQU2cX0KaWdJGAh63e7A
知行合一9527,2026-07-27 20:37,属于正常小调整还是阶段“顶部”迹象？,https://mp.weixin.qq.com/s/B_YHO31E-G_vkoGmNdb4_A
知行合一9527,2026-07-24 16:11,周末愉快,https://mp.weixin.qq.com/s/oHsU613y7SgcPKbhUwcYDg
岛上葫芦娃,2026-08-05 16:07,明天早盘可能出现诱多，随后迎来震荡回调支撑可看10日均线,https://mp.weixin.qq.com/s/wEzA-5gLh059cT2PoZOboQ
岛上葫芦娃,2026-08-03 17:28,冲高意愿不强，震荡回调（回答周五合约持仓的问题）,https://mp.weixin.qq.com/s/nNmBGHISZcn77EDukkJ-IA
岛上葫芦娃,2026-07-31 21:00,上涨后的高位震荡，震荡相同持仓不同,https://mp.weixin.qq.com/s/pLrMFlrR2nROTxZyo2uOSw
岛上葫芦娃,2026-07-30 18:16,会议落地后注意事项,https://mp.weixin.qq.com/s/ibV2ywoE4BwYQKoYAx6sOA
岛上葫芦娃,2026-07-29 17:31,十年等待方向选择，三十年高位回调,https://mp.weixin.qq.com/s/UMT5yZzN8p5UgYLQIHT5hg
岛上葫芦娃,2026-07-28 20:56,还是那个商品群,https://mp.weixin.qq.com/s/XEJ00NNQP-QNanq9F8fIdg
损益笔记,2026-03-19 17:28,债市日评,https://mp.weixin.qq.com/s/ma_K_C0TpVz3mzIIXuUWgQ
损益笔记,2026-03-18 17:01,债市日评,https://mp.weixin.qq.com/s/RgNLV4w9XDliDLMMP45iIQ
债券笔记,2026-08-05 18:21,【笔记20260805— 自卡脖子以自强】,https://mp.weixin.qq.com/s/NZuYuszmYIr4M2aVf5CWRw
债券笔记,2026-08-03 18:37,【笔记20260803— 简历更亮了】,https://mp.weixin.qq.com/s/zpjLV4UIKv1r_DmAbsW43Q
债券笔记,2026-07-31 18:48,【笔记20260731— 投资请去正规市场】,https://mp.weixin.qq.com/s/MuqaHCXNchM97w8E2k5uVQ
债券笔记,2026-07-29 18:13,【笔记20260729— 我在大A等在明救市】,https://mp.weixin.qq.com/s/Z2eSURIwrZFBfHGQaptaYg
债券笔记,2026-07-28 18:27,【笔记20260728— 把钱还我，我去考公】,https://mp.weixin.qq.com/s/oECQ2Hn-dzMyhYXw2FF2gA
交易圈,2026-08-05 17:48,8月债市&quot;买预期&quot;走到哪了？1.65%是底，2.1%是锚,https://mp.weixin.qq.com/s/Pr9O5oLv_uDjEoajCehLyw
交易圈,2026-08-05 07:35,一根大阳线，和一条填了一半的坑…股债双牛，账户看着挺舒服！,https://mp.weixin.qq.com/s/9y4R2B8JBagyn_ex0Qh34g
交易圈,2026-08-05 07:02,小作文叠加央行工具加码，10Y国债击破1.70%关口,https://mp.weixin.qq.com/s/gGwpQpZrKNRma3MzFVisNA
交易圈,2026-08-04 07:59,ICE 买下 MarketAxess：中外债券撮合，到底差在哪一环,https://mp.weixin.qq.com/s/0bihvW1Ap__oOvBCYqljKA
交易圈,2026-08-04 07:02,十债1.7附近的纠结…看破不做破,https://mp.weixin.qq.com/s/QB9yP8cUedOQqG3xyvee2w
交易圈,2026-08-04 17:21,债市又是被小作文硬控的一天,https://mp.weixin.qq.com/s/kVFioIYOs5rlgJJ61kw3Uw
交易圈,2026-08-03 17:55,大行金市久期&quot;紧箍咒&quot; → 下半年还要再卖9400亿超长债,https://mp.weixin.qq.com/s/Mb5xfIO5G2pc32K6crEnDQ
交易圈,2026-08-03 07:03,债市若干不利因素…,https://mp.weixin.qq.com/s/h8vzHybOGgkdMg6_CWW2HA
交易圈,2026-08-02 22:44,8月7日-8日 长沙 ｜ 债券投资策略与实战交易系统构建暨利率波段、国债期货应用与微观择时实战研修班,https://mp.weixin.qq.com/s/4-WlD_3BtX1Ln3fWCnisYA
交易圈,2026-08-01 19:58,债市TOP30实战指标→解码债市交易信号→从分歧度到资金面的全景拆解,https://mp.weixin.qq.com/s/qZ9f0caRtpQy65MSRA8X4A
交易圈,2026-08-02 09:29,26T6大概率仍为下一只活跃券,https://mp.weixin.qq.com/s/4Mxkc9_6WuKNOPIl8R24Hw
交易圈,2026-07-31 19:50,8月发行计划超万亿,https://mp.weixin.qq.com/s/U7ZxEPSvYDdX9J4dAK0BDA
交易圈,2026-07-31 08:18,zzj会议燃爆尾盘，一支穿云箭！,https://mp.weixin.qq.com/s/2wgnmHM_xDIjBHGctcPKBg
交易圈,2026-07-31 07:33,会议后的TL突然拉升,https://mp.weixin.qq.com/s/nI6n0F_M2kFB03c0R9AbwQ
交易圈,2026-07-31 07:02,收益率下行的理想宏观环境：经济弱于预期+货币政策强于预期,https://mp.weixin.qq.com/s/K0WDmMlJ9dTMFbLmdbmT2Q
交易圈,2026-07-30 16:43,超长债利差还会压缩吗？,https://mp.weixin.qq.com/s/KvZKkbVbukOyScCKFa6h8A
交易圈,2026-07-30 07:58,到达关键位置！26T4一波久违的上行，给了大家一个“小惊吓”…,https://mp.weixin.qq.com/s/8_dR2gEkThYSvbo28-NY4w
交易圈,2026-07-30 07:02,央行大量投放，债市走势分化，卖盘是基金和券商，保险和银行是坚定的买盘…,https://mp.weixin.qq.com/s/4j4O6-6HqVg2CJIEm_Cutg
交易圈,2026-07-29 20:00,轻仓上阵，迎接会议，TL再次冲高，30y不复强势，部分头寸进多26t2空26t4…,https://mp.weixin.qq.com/s/-GnG65c88HZeSQP-l87_Yg
交易圈,2026-07-29 18:19,30年独自“过山车”，曲线走陡，会议窗口期多头退潮,https://mp.weixin.qq.com/s/PtfuktJR5zBZUNwDN1yMuQ
郭磊宏观茶座,2026-08-05 15:04,【广发宏观陈礼清】两轮单边后的再平衡：大类资产配置月度展望,https://mp.weixin.qq.com/s/iGBPMWB12XAO5nKObrvNuA
郭磊宏观茶座,2026-08-02 18:20,【广发宏观团队】宏观面四条积极线索浮现,https://mp.weixin.qq.com/s/SzMkxY74L6nXsP-shaoqJA
郭磊宏观茶座,2026-08-01 13:46,【广发宏观贺骁束】高频数据下的7月经济：数量篇,https://mp.weixin.qq.com/s/jsb2Sf-klQOog-vtAzt6DA
郭磊宏观茶座,2026-07-31 15:28,【广发宏观陈嘉荔】美国二季度GDP：表里之辨,https://mp.weixin.qq.com/s/6-a_65-HxOd181W5C06HWw
郭磊宏观茶座,2026-07-31 00:00,【广发宏观郭磊】增量政策与市场预期：7月政治局会议精神简析,https://mp.weixin.qq.com/s/dJrUs71XDEIKEEvDQzqMAw
郭磊宏观茶座,2026-07-30 10:02,【广发宏观陈嘉荔】如何理解美联储7月会议的最新表述,https://mp.weixin.qq.com/s/CDjyJ6ltpnCOLYFpYIYzGg
郭磊宏观茶座,2026-07-27 22:01,【广发宏观王丹】6月企业利润数据：K型小幅收敛,https://mp.weixin.qq.com/s/Ums8j-WW86SzjrK5nnPNyg
郭磊宏观茶座,2026-07-31 18:35,【广发宏观郭磊】7月PMI：环比下行的原因探讨,https://mp.weixin.qq.com/s/daJYLE9bHipnXfRtdTMIfA
郭磊宏观茶座,2026-07-25 11:25,【广发宏观陈嘉荔】重构与验证：2026年中期海外宏观展望,https://mp.weixin.qq.com/s/yvlSA40LC7DBNhhJpixiKw
固收亮话,2026-08-05 15:30,当前长信用应该选择哪些品种？,https://mp.weixin.qq.com/s/4oIitzyK6MLegGNI3-II7Q
固收亮话,2026-08-04 15:30,如何理解美联储“9：3”格局？,https://mp.weixin.qq.com/s/5VZfxmWYjswaDXDVJ039Ww
固收亮话,2026-08-02 23:50,8月债市投资策略展望,https://mp.weixin.qq.com/s/Xfz3YzviorXHev1cj0yvDA
固收亮话,2026-08-01 22:02,当前背景下，转债仓位的重要性凸显,https://mp.weixin.qq.com/s/wvhnmze-7pFYiGzMJOKHZQ
固收亮话,2026-07-30 15:30,这次跨月有什么不同,https://mp.weixin.qq.com/s/M7cac6OuJWAOH2cWII7WKQ
固收亮话,2026-07-29 15:30,美债重回“油价交易”模式,https://mp.weixin.qq.com/s/2hM7lqgvdzkx3vd1TvJpWw
固收亮话,2026-07-27 15:30,固收实务投研框架系列会议（共12期，每周三晚上7点）,https://mp.weixin.qq.com/s/zPcnpa5ucVNeMywPLrCKzA
一瑜中的,2026-05-30 12:11,张瑜：旧尺难刻新舟，胜负定于中游 ——华创证券中期策略会演讲实录,https://mp.weixin.qq.com/s/X3fftkY2Q6k8OvxIZebp-w
一瑜中的,2026-08-05 22:06,消费或小幅回升——7月经济数据前瞻,https://mp.weixin.qq.com/s/UjTmEDhFQFdoabP_HCI6lQ
一瑜中的,2026-08-04 00:00,城镇土地使用税调整的四点理解,https://mp.weixin.qq.com/s/bepElpKbszZerAvhztE2Gw
一瑜中的,2026-08-03 09:20,K型分化略有收敛，但持续性存疑——美国2026年二季度GDP点评,https://mp.weixin.qq.com/s/1TENCAWDeO48Gb9SWgkaIA
一瑜中的,2026-08-01 00:00,“预防式加息”？今年可能不是1997年——7月FOMC点评,https://mp.weixin.qq.com/s/ZbOKSdXWh4WAivrbgFcslw
一瑜中的,2026-07-30 23:38,旧经济利润占比还会回升吗？,https://mp.weixin.qq.com/s/7BGLT3c0GZ7KPRbKWBFAYQ
一瑜中的,2026-07-29 00:00,张瑜：美科技股顶部的迷思？——张瑜旬度会议纪要No.144,https://mp.weixin.qq.com/s/bBhD1ONZlaaURmFMlL1Ejw
一瑜中的,2026-08-02 00:00,极端天气带来不利影响——7月PMI数据点评,https://mp.weixin.qq.com/s/obROJZN22b-bKtJ_UM0ZmQ
一瑜中的,2026-07-31 09:41,张瑜：转型仍是基础前提——7月政治局会议精神学习,https://mp.weixin.qq.com/s/nmpnkCvUzNmg5s9XhgRm-Q
颜子琦固收研究,2026-07-02 11:30,【国海固收颜子琦团队】诚聘分析师（社招）！,https://mp.weixin.qq.com/s/BHsha80YZiNishXfzN5n7A
颜子琦固收研究,2026-08-04 21:36,【国海固收颜子琦团队】8月债市供给还有高峰吗？,https://mp.weixin.qq.com/s/cmhZacMWO1lqI4hU59FFFQ
颜子琦固收研究,2026-08-02 17:48,「国海固收・颜子琦团队」每周研究集锦（7/27-8/2）,https://mp.weixin.qq.com/s/9A9H0jyZKrgJ1I6wOTWzEA
颜子琦固收研究,2026-08-02 09:00,【国海固收颜子琦团队】26T6大概率仍为下一只活跃券,https://mp.weixin.qq.com/s/1Q1qauiSmN4RO8jEfGI5kw
颜子琦固收研究,2026-08-01 13:17,【国海固收颜子琦团队】机构行为有效指标Top30——机构行为100篇（九）,https://mp.weixin.qq.com/s/6NcY5vc71fiGIOL10qDngQ
颜子琦固收研究,2026-07-31 13:22,【国海固收颜子琦团队】基于正股的转债五因子择时模型更新,https://mp.weixin.qq.com/s/mbmumS-F2_emRVBR1FBpVg
颜子琦固收研究,2026-07-27 00:01,【国海固收颜子琦团队】TL是突破还是诱多？,https://mp.weixin.qq.com/s/B7_Yz4JZ3S6dXWUymvygpg
颜子琦固收研究,2026-07-26 17:26,「国海固收・颜子琦团队」每周研究集锦（7/20-7/26）,https://mp.weixin.qq.com/s/_aDwzHtdNsjLGhhQR5o_3A
郁言债市,2026-08-05 16:26,城投债或再次分化,https://mp.weixin.qq.com/s/AunMnbZOek4Dp544HhIiEA
郁言债市,2026-08-04 13:45,类权益 | 8月，科技反弹与再平衡,https://mp.weixin.qq.com/s/O9CP0_H8LmqpV8keVIWuxg
郁言债市,2026-08-03 15:00,债市｜债基久期再创新高,https://mp.weixin.qq.com/s/2ZoZQLnifyE2l1lSuOdtcQ
郁言债市,2026-08-02 23:55,超长利差的博弈空间,https://mp.weixin.qq.com/s/V84B9iAxD3uziJBV-E1_jA
郁言债市,2026-08-01 23:50,资金面愈发平稳,https://mp.weixin.qq.com/s/ZtPbEt1XNWLouSHrr6uCdQ
郁言债市,2026-07-31 17:50,深度 | 广义财政何时扩张？,https://mp.weixin.qq.com/s/v0PweO7HjTHm7_pYIoR2bw
郁言债市,2026-07-30 13:44,沃什重塑美联储：改革的五条主线,https://mp.weixin.qq.com/s/jTzJQDaCc3zgjPx3-pqCOQ
郁言债市,2026-07-29 19:20,兴证资管郑方镳：如何把握科技产业趋势,https://mp.weixin.qq.com/s/qrMUX1vP607NOO5_fkzxpw
郁言债市,2026-07-28 17:11,26Q2，高进攻性固收+基金大放异彩,https://mp.weixin.qq.com/s/oLcWE5jW1aOqdJjoU69Sgg
固收彬法,2026-07-17 09:29,信用负责人张纯祎：风起心动，研途新局,https://mp.weixin.qq.com/s/WKdp_mTxoUUEruhYQa1kuw
固收彬法,2026-08-05 08:45,三季度，调整还会来吗？,https://mp.weixin.qq.com/s/4LpdpiOqxDkBVFtuuAt2CA
固收彬法,2026-08-04 08:02,利率 | 7月宏观数据体现了哪些困难？,https://mp.weixin.qq.com/s/QKuIRIBDuHrx0sUrde6c3Q
固收彬法,2026-08-03 20:22,【财通固收·隋修平团队】周度研究精粹 20260803,https://mp.weixin.qq.com/s/zRPHQMEoyiUBh9-BISR5Uw
固收彬法,2026-08-03 09:13,信用 | 长二永启动，城投下沉缩圈，策略的极与极,https://mp.weixin.qq.com/s/s4WbiyFT0jJOeynuFEiZBA
固收彬法,2026-08-03 08:00,量化日报 | 长端持续看多,https://mp.weixin.qq.com/s/Ew7O0UCpitbWUVSxObDWsw
固收彬法,2026-08-02 20:15,期货｜关注上涨持续性,https://mp.weixin.qq.com/s/RUiezBRb6TVTLgqWkoUeEA
固收彬法,2026-08-02 20:00,利率 | 8月，供给未必来，利差继续压,https://mp.weixin.qq.com/s/qo9sofeWX0it82tO_If43A
固收彬法,2026-08-03 08:29,转债｜估值对冲的极限，攻守转换的前夜——8月转债策略,https://mp.weixin.qq.com/s/3jcMAmhKLdNYYf7bzdYgQw
固收彬法,2026-08-02 16:55,海外 | 股汇回暖，长债承压,https://mp.weixin.qq.com/s/KBBZJ9lQ-KqQH2ehLHtkYg
固收彬法,2026-08-01 17:25,8月流动性是否维持紧平衡？,https://mp.weixin.qq.com/s/wrxjHyu4-hTuhh0BkAGxgg
固收彬法,2026-08-01 17:07,高频 | PMI超季节性下滑，港口吞吐量快速修复,https://mp.weixin.qq.com/s/sTd8D2vZAnp8FP8Zv9EIng
固收彬法,2026-07-31 07:30,转债 | 转债仓位再稀释，哑铃型特征明显-2026Q2公募基金转债持仓分析,https://mp.weixin.qq.com/s/BcNe9l9yiRQeatl3hX6pYw
固收彬法,2026-07-30 19:06,货币政策想象空间正在打开——政治局会议简评,https://mp.weixin.qq.com/s/2rbemCEX354tiijw7vMDBw
固收彬法,2026-07-30 08:11,“家庭式”争吵如期而至 ——美联储7月议息会议点评,https://mp.weixin.qq.com/s/mTzCRHnN1rf0eBugXos9cA
固收彬法,2026-07-29 08:00,量化日报 | 长端债券相对占优,https://mp.weixin.qq.com/s/Vw3sKIpqu1BHXNqqehqwCA
固收彬法,2026-07-29 07:30,什么样的“固收+”基金份额增长更快？,https://mp.weixin.qq.com/s/ikSQ92ffrFgKKY7lEOxiiA
王剑的角度,2026-07-31 10:55,【随笔】贷款定价之锚：LPR与DR,https://mp.weixin.qq.com/s/10FNg1nRGXWQInHpLr8zeA
王剑的角度,2026-07-30 15:04,【国信银行】AIC：从债转股到股权直投的转型之路,https://mp.weixin.qq.com/s/P0YA-b73yz8MsGa6nNYS4A
王剑的角度,2026-07-29 22:18,【国信金融】风险偏好下行，资产荒加剧：银行理财2026半年报点评,https://mp.weixin.qq.com/s/9S3TkDbRR3DCadpIoT8VYA
王剑的角度,2026-07-22 15:05,【随笔】关于银行内卷的界定,https://mp.weixin.qq.com/s/QRDnC6p0P2fE2mIdSgRYiw
王剑的角度,2026-07-14 15:01,【随笔】银行股的“破产估值”,https://mp.weixin.qq.com/s/niJt73bEte1wFwyMYCForg
覃汉研究笔记,2026-08-01 18:42,重要会议后市场怎么看,https://mp.weixin.qq.com/s/bkuTk6GG8ABjDLdga-_0fQ
覃汉研究笔记,2026-07-30 16:28,8月债市怎么看？| 市场调查问卷20260730,https://mp.weixin.qq.com/s/twANdH90D9Qhji-WPGHCIA
覃汉研究笔记,2026-07-28 00:00,机构行为 | 债券借贷视角看券商行为（一）,https://mp.weixin.qq.com/s/sj7UzBCkZC-57fhcExFxmg
覃汉研究笔记,2026-07-27 07:00,量化 | 短线结构修复，曲线定价分化,https://mp.weixin.qq.com/s/V0gf6HyXx72xVzXO4Zp1gA
覃汉研究笔记,2026-07-25 16:59,超长债压利差行情是否启动？,https://mp.weixin.qq.com/s/IeAsTIbRhOxf4N7Q6tw60A
睿哲固收研究,2026-08-05 07:30,流动性月报｜延续均衡，关注月内摩擦,https://mp.weixin.qq.com/s/eaXP6BVz2Oqim8-K9CYyxA
睿哲固收研究,2026-08-02 22:30,市场沿赔率交易,https://mp.weixin.qq.com/s/lL8TGgJk5wA00lvsiAtnZw
睿哲固收研究,2026-08-01 15:11,不止是淡季,https://mp.weixin.qq.com/s/FyCYdLJNTRH1CiV8DBeG6Q
睿哲固收研究,2026-07-30 07:30,高频跟踪 | 二线城市商品房销量同比回正,https://mp.weixin.qq.com/s/7EAyqeQ-sFDs27U5FBXMfA
睿哲固收研究,2026-07-26 21:03,“假突破”还是真启动？,https://mp.weixin.qq.com/s/tkeBz4DvMs9_XJQ4z0bxCg
睿哲固收研究,2026-07-24 07:40,转债｜仓位稀释放缓，一级债基逢低加仓,https://mp.weixin.qq.com/s/O8y3Ydz8cjiH1tUi7IJFgA
睿哲固收研究,2026-07-23 07:30,高频跟踪 | 油价重回90美元上方,https://mp.weixin.qq.com/s/h24mpVbGTnpd8UVg7YaHpg
智堡Mikko,2025-04-07 07:20,美元体系的悲歌,https://mp.weixin.qq.com/s/0Vfouxh_f-RJQKXwn14g2w
智堡Mikko,2026-08-05 07:21,它还是最初模样,https://mp.weixin.qq.com/s/bQreHFlf6DUxez_VZ6jaGQ
智堡Mikko,2026-08-04 07:33,这才哪到哪,https://mp.weixin.qq.com/s/4QOzyf-NCh9jOdAKWHV-aA
智堡Mikko,2026-08-03 07:20,二十年最强资本开支周期,https://mp.weixin.qq.com/s/Ui4Jd048-b7RGMwLhBizQw
智堡Mikko,2026-07-31 07:20,暴力反弹,https://mp.weixin.qq.com/s/3HTqA3SCE9WLRnU5bXvqGA
智堡Mikko,2026-07-30 03:58,决心可以表，利率不能加,https://mp.weixin.qq.com/s/N99as-hoBSBf3EYt9gh9Wg
智堡Mikko,2026-07-29 07:25,川普TACO，联储会按兵不动吗？,https://mp.weixin.qq.com/s/0vJyyKFL0bzDeDR3gUB3yQ
智堡Mikko,2026-07-28 07:31,3.28万亿！稳住了科技行情,https://mp.weixin.qq.com/s/HFTK7PdCxPBFENyxcig6VA
卫斯李的投研笔记,2026-04-29 07:47,关于投资AI产业链的一个分析框架,https://mp.weixin.qq.com/s/8vHJNCkDcu3mhMDnWMWJsw
卫斯李的投研笔记,2026-08-05 09:56,美股新高背后，本轮反弹是否仍可持续？,https://mp.weixin.qq.com/s/c2kFE9Zx2oWXbDjYeR5l2A
卫斯李的投研笔记,2026-08-04 08:44,基本面支撑美股继续创出历史新高？,https://mp.weixin.qq.com/s/Y40G28VamdFTwz46iQjVgA
卫斯李的投研笔记,2026-08-02 12:03,一些关于当前市场的有趣图表-20260802,https://mp.weixin.qq.com/s/UECsQXdsK5-srnqoNJyOUw
卫斯李的投研笔记,2026-07-31 09:16,全球市场的三大风险已去其二,https://mp.weixin.qq.com/s/-ZRZb35GXfmSosWIUcSBZg
卫斯李的投研笔记,2026-07-30 10:39,当前最需关注的是韩股能否率先企稳,https://mp.weixin.qq.com/s/qUpzSegMv4Yl6rUt55t54g
卫斯李的投研笔记,2026-07-29 10:47,当前市场面临的三个主要下行风险,https://mp.weixin.qq.com/s/fSPFhfU5u3M5KF7VwbrI3g
卫斯李的投研笔记,2026-07-28 10:26,AI板块已经陷入了反身性下跌,https://mp.weixin.qq.com/s/DDtc0F3w3Wzxgu8FJl389A
冠南固收视野,2026-07-11 15:04,区间维稳，守锚谋局——2026年利率债中期策略报告,https://mp.weixin.qq.com/s/W_6SMdjeGqmfr5CqY61lXA
冠南固收视野,2026-08-05 16:10,延续兑现资本利得、提高流动性、波中寻机的思路——8月信用债策略月报,https://mp.weixin.qq.com/s/1mTkzbLHvk10J2UF3TfWag
冠南固收视野,2026-08-03 12:34,8月：进入政策与效果的观察期,https://mp.weixin.qq.com/s/zblUOO-wJHpnWtWySjqPxw
冠南固收视野,2026-08-02 22:19,【新品推荐】机构行为周报（0727-0731）：债基久期小幅下降，机构融出回落,https://mp.weixin.qq.com/s/eKdLwsuxnGDRyYie_HayHw
冠南固收视野,2026-07-31 22:13,天气扰动突出，PMI超季节性收缩——7月制造业PMI点评,https://mp.weixin.qq.com/s/O-S3HGthw-e3__pxNwtvjA
冠南固收视野,2026-07-30 22:41,政策力度表述强化，增量政策或有空间——2026年7月政治局会议学习体会,https://mp.weixin.qq.com/s/BtaoEaBhcJW1gRBgpEvtog
冠南固收视野,2026-08-01 23:10,交易情绪推动债市走强，信用表现弱于利率,https://mp.weixin.qq.com/s/G-DlXO1GRpPEHrV0j8JM4A
冠南固收视野,2026-07-28 23:18,转债市场日度跟踪20260728,https://mp.weixin.qq.com/s/osEJ1d9ernm1KEH__zg66w
冠南固收视野,2026-07-27 17:20,转债估值被动抬升，后市怎么看？,https://mp.weixin.qq.com/s/8OI7aXziZPvXljU7UkaZcg
债市大力丸,2026-07-24 17:28,30Y第一目标2.1,https://mp.weixin.qq.com/s/gqwWJHQ7nvGYypn5zUu40w
债市大力丸,2026-05-14 13:30,宽松的资金或正在酝酿债市风险,https://mp.weixin.qq.com/s/bIM9XMPTlzi_YxT9UFyqYw
债市大力丸,2026-05-09 20:12,债市技术分析不是算命，但很多人把它用成了算命,https://mp.weixin.qq.com/s/DJ6DbyySH5m8CohD-wVQWA
沧海一土狗,2026-04-30 14:29,一线城市的房地产市场已经进入右侧，建议配置,https://mp.weixin.qq.com/s/0jLP0nV6btFXQ5QHIEwYkA
沧海一土狗,2026-07-31 17:05,日元还有救么？,https://mp.weixin.qq.com/s/9ANfBlQA6BAETuV-AZA5-w
沧海一土狗,2026-07-23 15:28,关于服务业发展、剩余价值实现和内需扩张,https://mp.weixin.qq.com/s/oejRFcxGWlHtzfHrwB7LuQ
红军债市笔记,2025-12-28 11:40,2026年债券走势预判!,https://mp.weixin.qq.com/s/lQwgnNg93E9Ycc7tn8lacQ
红军债市笔记,2026-08-05 05:41,国债买卖增量，10年下破1.70%。,https://mp.weixin.qq.com/s/7vhlYzh_CDjNUak933bUpQ
红军债市笔记,2026-08-04 05:43,注意回调！,https://mp.weixin.qq.com/s/TlXlJ7GyecNBjB9R7gtjAg
红军债市笔记,2026-07-31 05:29,给了预授权！,https://mp.weixin.qq.com/s/PycGI__ffwb6YmpRSJmkjQ
红军债市笔记,2026-07-30 05:35,避险情绪推动回调！,https://mp.weixin.qq.com/s/ydao0bK6rL2owTBbCyBbww
红军债市笔记,2026-07-28 05:39,利差压缩到位30年深V！,https://mp.weixin.qq.com/s/16dpYZU2BQI-biTejVvJgA
红军债市笔记,2026-07-26 14:37,重要会议是否有政策落地？,https://mp.weixin.qq.com/s/J-gNEHxl0Zv1BQZPDAnX1A
边际Lab,2025-02-27 20:46,关于我们,https://mp.weixin.qq.com/s/5Eeawcwz3iuuMEAW60fmXg
边际Lab,2026-08-05 18:13,养老基金大举加仓（晚报，35图）,https://mp.weixin.qq.com/s/oiSx2X88inR_L58eVWLuRQ
边际Lab,2026-08-05 09:13,中美又一关键贸易将彻底中断,https://mp.weixin.qq.com/s/d5dwqLm8gm84oboVLjqFGA
边际Lab,2026-08-04 18:13,中国AI贸易出现史无前例背离（晚报，32图）,https://mp.weixin.qq.com/s/Xy229K12VBNDWOXT4dlobQ
边际Lab,2026-08-03 18:13,盈利又被大幅上修！（晚报，36图）,https://mp.weixin.qq.com/s/YnUh0LKiFvcRS2RE3qvXqw
边际Lab,2026-08-03 09:13,中国外汇市场出现史无前例的交易量,https://mp.weixin.qq.com/s/fMXdPmUkDXehtQkAifKPzA
边际Lab,2026-08-02 10:13,风投资金已全面国有化,https://mp.weixin.qq.com/s/P9ZhVoFius_LhX96Xtc70w
边际Lab,2026-08-01 10:13,风投资金已全面国有化,https://mp.weixin.qq.com/s/_GzzGF4PpaUL7xC9w-aqIg
边际Lab,2026-07-31 18:13,注意！央行已出手干预（晚报，35图）,https://mp.weixin.qq.com/s/4P1_3ZBiwp2Vd-iAc78EEQ
边际Lab,2026-07-31 09:13,中国指数盈利陷入失去的十五年,https://mp.weixin.qq.com/s/azdzc6ZBSIk2FSoBvRcRYQ
边际Lab,2026-07-30 18:13,市场去杠杆进程已完成90%（晚报，32图）,https://mp.weixin.qq.com/s/swv4IoBLexYkqkBZ-yPvuQ
边际Lab,2026-07-29 18:13,中国突然大举买入这一关键资产（晚报，32图）,https://mp.weixin.qq.com/s/0vsCU9pzbipO745mIZhntw
边际Lab,2026-07-28 23:25,加入《财经图集》知识星球，每天多看一层市场,https://mp.weixin.qq.com/s/2JOkSPuH3fRI4oKRJ3g4XQ
杰析资负,2025-08-14 19:26,天风银行刘杰团队：我们的银行研究,https://mp.weixin.qq.com/s/3uwc0gYNmDQCyY4-zgxWVg
杰析资负,2026-08-02 19:01,大行金市久期——银行资负系列研究之一,https://mp.weixin.qq.com/s/gad6F8vjca_yebfRxXceZQ
杰析资负,2026-07-31 20:20,银行视角看“双降”,https://mp.weixin.qq.com/s/_Rn-g_zArfSrO7X65Y7cNQ
杰析资负,2026-07-29 20:06,对近期资金和CD的看法,https://mp.weixin.qq.com/s/l5UiH-ePcQyP0WvwTVz0gg
qeubee,2025-06-25 17:59,下半年降息存在变数？一次降息10BP或“按兵不动”概率各半,https://mp.weixin.qq.com/s/Lp03zNVS0DUUWYnFsBmi5A
qeubee,2026-08-05 18:07,债市综述 | 十债围绕1.70%关口震荡，机构称缺乏降息等实质利好情况下，1.7%附近可能被反复争夺,https://mp.weixin.qq.com/s/kZrQVOIUvlmDM_hDuzZ3Jg
qeubee,2026-08-04 18:05,债市综述 | 7月国债买卖净投放500亿，3M买断式逆回购加量续作，十债下破1.70%触近一年低点,https://mp.weixin.qq.com/s/CEs9zNCeAuaGkm0nUCEMYQ
qeubee,2026-08-03 18:14,债市综述 | 8月首个交易日央行大额净回笼，权益市场表现偏弱，十债1.70%关口遇阻,https://mp.weixin.qq.com/s/TxmR25U46P9i5j46sjTa_Q
qeubee,2026-07-30 18:15,债市综述 | 政治局会议落地提振降准降息预期，尾盘债市大幅转多，曲线牛平,https://mp.weixin.qq.com/s/WOp5Co1JZDuP4tzT9plo8g
qeubee,2026-07-29 17:58,债市综述 | 政治局会议落地前市场走出止盈和避险，超长端表现偏弱，债市走势分化曲线走陡,https://mp.weixin.qq.com/s/YROiMuLpZqP9A3iGpvL2Gw
qeubee,2026-07-28 18:03,债市综述 | 权益大跌而资金偏紧，中短端承压、超长显眼，多空均在等待契机到来,https://mp.weixin.qq.com/s/DqtHmk9eU0Ii1iFt9AyOrA
华泰证券固收研究,2026-08-05 08:04,【华泰资产配置】预期重校的进度条,https://mp.weixin.qq.com/s/hvJ1ED3brh_kgqOc8J9gSQ
华泰证券固收研究,2026-08-04 11:22,【华泰固收|信用】本轮信用评级整治复盘,https://mp.weixin.qq.com/s/bs1SGcFmV5xxZMGh3YistA
华泰证券固收研究,2026-08-03 07:20,【华泰固收|利率】曲线平坦预期浓，但见好仍要收,https://mp.weixin.qq.com/s/LB1tBUV6n69OXY_DgWznMg
华泰证券固收研究,2026-08-01 09:11,【华泰固收】季节因素叠加内需待企稳——2026年7月官方PMI点评,https://mp.weixin.qq.com/s/lFH2GfDYzpUwM6dNIxgEWQ
华泰证券固收研究,2026-07-31 19:16,【华泰固收】智能经济：系统理解AI产业链,https://mp.weixin.qq.com/s/zIc61Ahn-cnCAk3R31i8uw
华泰证券固收研究,2026-07-31 07:23,【华泰固收】“适时调整”的内涵——7月政治局会议点评,https://mp.weixin.qq.com/s/4sGfuHj5xYc3-GvCjw_aig
华泰证券固收研究,2026-07-28 08:31,【华泰固收】智能经济：文明的第三次跳跃 ——农业、工业与智能的范式比较,https://mp.weixin.qq.com/s/dzNCXnM6lvTsOiGOYPA78A
华泰证券固收研究,2026-07-27 07:50,【华泰固收|利率】利率债与高股息的联动与比价,https://mp.weixin.qq.com/s/qr_41RF4CCcQLFtnzC2cng
国泰海通固收研究,2026-08-05 08:00,【固收+】7月科技调整后，固收+降低科技暴露了吗,https://mp.weixin.qq.com/s/j7H9SoVS1MHZmqkXilZtMg
国泰海通固收研究,2026-08-04 08:00,【信用】银行理财上半年是如何配债的：量规模增弹性,https://mp.weixin.qq.com/s/NJTr23f-urgprSAt9sqFaw
国泰海通固收研究,2026-08-02 18:46,【利率】透视股债跷跷板：细分资产相关性的K型分化,https://mp.weixin.qq.com/s/jr9PrpNyiIJzYswQS3vc6g
国泰海通固收研究,2026-08-01 18:35,【转债】月度机会改善，短期或有反复,https://mp.weixin.qq.com/s/KMhEkrkdc8ZMFDCIyt_ThA
国泰海通固收研究,2026-07-30 21:33,【海外】7月FOMC：沃什说了什么，票委做了什么,https://mp.weixin.qq.com/s/TMGEcNlAS-tpTYPz-F9gRg
国泰海通固收研究,2026-07-28 08:00,【国债期货】如何识别国债期货盘中的“量化”博弈特征,https://mp.weixin.qq.com/s/yyo1Z7KmGs1md7vTkoZWcQ
国泰海通固收研究,2026-07-27 08:30,【利率】交易盘抢跑，哪类配置机构能接棒：保险VS中小行,https://mp.weixin.qq.com/s/j5jX65DzgROiMGaeRqWRag
上海国利货币经纪有限公司,2026-08-05 18:28,【国利研究】资金市场日评,https://mp.weixin.qq.com/s/wZwiue7jjkmYTfexa5P5qw
上海国利货币经纪有限公司,2026-08-04 18:16,【国利研究】资金市场日评,https://mp.weixin.qq.com/s/u8LHQ4t6vGRzt9UwlbrLCA
上海国利货币经纪有限公司,2026-08-03 18:24,【国利研究】资金市场日评,https://mp.weixin.qq.com/s/ToP1rICDgHeT-cB1El8YUQ
上海国利货币经纪有限公司,2026-07-31 18:27,【国利研究】我司联合研究成果在中文核心期刊《上海金融》公开发表,https://mp.weixin.qq.com/s/2qCIIBi98g1lpZpPOBIZXA
上海国利货币经纪有限公司,2026-07-29 19:22,【国利研究】资金市场日评,https://mp.weixin.qq.com/s/wEMQcUxCjUzz373T8Drm3A
上海国利货币经纪有限公司,2026-07-28 18:08,【国利研究】资金市场日评,https://mp.weixin.qq.com/s/8q_B0qU6aEWisyuJdPxsnw
上海国利货币经纪有限公司,2026-07-27 18:24,【国利研究】资金市场日评,https://mp.weixin.qq.com/s/qZfzUfK8l7ZdEfqM5wHyKA
宏观边际MacroMargin,2026-07-30 17:52,7月重磅会议：要加多大力？,https://mp.weixin.qq.com/s/Wts3KUr7IJIObP9fb00mpg
宏观边际MacroMargin,2026-07-29 19:38,7月政治局前瞻：要加力吗？,https://mp.weixin.qq.com/s/qqvKvFoqA4CYntNR_nC5mQ
宏观边际MacroMargin,2026-07-28 15:10,7月FOMC前瞻：会加息吗？,https://mp.weixin.qq.com/s/UHqiLChKmNDkhVra3swC0A
宏观边际MacroMargin,2026-07-09 21:00,大家对科技革命都非常FOMO,https://mp.weixin.qq.com/s/OXaWJFG_JUpqbEYanoTwlg
债文新说,2026-08-13 21:15,DR001稳了，长债慌不慌？,https://mp.weixin.qq.com/s/Z6-s0nW8aungfjgnkcZ6Sg
债文新说,2026-08-13 17:29,通俗读懂债券交易价格偏离是什么、猫腻与风险、主要模式、监管红线、判定逻辑、典型案例、合规建议等,https://mp.weixin.qq.com/s/Q9BJMfxsIht_6EV46CrP7w
天风研究,2026-08-13 07:49,第九期｜研究框架培训·第九季——历九弥新·上下求索,https://mp.weixin.qq.com/s/rZZ38SZ-WvZV9j3FHBrLSg
天风研究,2026-08-12 07:46,第八期｜研究框架培训·第九季——历九弥新·上下求索,https://mp.weixin.qq.com/s/hPNS2JdCGOsZTELDoqEdYQ
天风研究,2026-08-11 07:47,第七期｜研究框架培训·第九季——历九弥新·上下求索,https://mp.weixin.qq.com/s/qzJjgPfkSzy-HVnSUe4IJg
中金固定收益研究,2026-08-14 00:10,【中金固收·信用】7月房地产债券月报：政治局会议表述平稳,https://mp.weixin.qq.com/s/C3sImdEeBfBpoDfE-67Q2A
中金固定收益研究,2026-08-13 19:00,260813BondDaily-通胀回落，货币政策趋于放松——7月通胀数据点评,https://mp.weixin.qq.com/s/xDWVVSYHBtBQPbrS5VZAWw
中金固定收益研究,2026-08-12 23:02,260812BondDaily-短期理财规模增长或受限,https://mp.weixin.qq.com/s/_1-e0TMwx5pIVOHeh8TLvQ
中金固定收益研究,2026-08-12 18:05,【中金固收·信用】中国短期融资券及中期票据信用分析周报260812,https://mp.weixin.qq.com/s/BL29NlXhQHzGanU9rkFhjA
中金固定收益研究,2026-08-11 21:26,260811BondDaily-回升期，转债如何配,https://mp.weixin.qq.com/s/ncpshbF0KyEBVzWc_ghcNQ
长江宏观经济研究,2026-08-14 00:00,【长江宏观宋筱筱团队·深度】K型经济的表现、影响和演变,https://mp.weixin.qq.com/s/57PmTrP5-W6l-_rDel3uFA
长江宏观经济研究,2026-08-13 12:46,【长江宏观宋筱筱团队】通胀底色仍是缓慢回落,https://mp.weixin.qq.com/s/F80RKQqc505mFbCtY8BIyw
长江宏观经济研究,2026-08-12 00:00,【长江宏观宋筱筱团队·总量联合行业】新一代通信网：空天地海全域覆盖,https://mp.weixin.qq.com/s/jfk_ek1jiHEnCNOUqI_VDQ
长江宏观经济研究,2026-08-11 00:08,【长江宏观宋筱筱团队·家喻呼“筱”】北京楼市新政：原因、力度、效果,https://mp.weixin.qq.com/s/BLdTvNYnN6TTo6Fsr_XVWg
长江宏观经济研究,2026-08-10 00:01,【长江宏观宋筱筱团队】通胀下行中的积极因素,https://mp.weixin.qq.com/s/xTK8NJa_cWSs6pI8wQl3aw
银华固收交易,2026-08-13 17:28,【银华基金】交易日报2026-08-13,https://mp.weixin.qq.com/s/ZKxiBAAbXqmKDe8i9XzV3g
银华固收交易,2026-08-12 17:29,【银华基金】交易日报2026-08-12,https://mp.weixin.qq.com/s/8ObS1QEeQs9aZYIWk-OSgg
银华固收交易,2026-08-11 17:29,【银华基金】交易日报2026-08-11,https://mp.weixin.qq.com/s/grzbxipHUnCI8dIDyOWSmQ
银华固收交易,2026-08-10 17:31,【银华基金】交易日报2026-08-10,https://mp.weixin.qq.com/s/SK6WSEHSZ9ie9ZwOsTCa6A
银华固收交易,2026-08-07 20:04,【银华基金】交易日报2026-08-07,https://mp.weixin.qq.com/s/41XonDIzZvs0x5p2we5RYQ
知行合一9527,2026-08-13 21:06,兑现,https://mp.weixin.qq.com/s/_7nhMhfPIz0TEYincjwlHQ
知行合一9527,2026-08-12 21:23,到了昨天说的临界点,https://mp.weixin.qq.com/s/Fe_b9qn5K5J4JH5jeliJTw
知行合一9527,2026-08-11 18:45,差一个信号,https://mp.weixin.qq.com/s/XXD3FEVxgYjMaevMEyLqDw
知行合一9527,2026-08-09 16:56,靠近116，怎么破局，如何应对跟随？,https://mp.weixin.qq.com/s/WwlTYc9sXhzMfjYnt1uU0w
债文新说,2026-08-14 17:49,马老师又来了,https://mp.weixin.qq.com/s/dbOKorD1oQ72NRjlaK7drA
债文新说,2026-08-14 16:00,太原！ 下周五周六！农商行利率债波段交易的破局之道暨国债期货&amp;现券实盘技术分析精讲,https://mp.weixin.qq.com/s/3H_9O89YQmoO8VpWAG1ROw
债文新说,2026-08-14 08:00,倒逼,https://mp.weixin.qq.com/s/fsm4shpfB494OpQIqS6tbA
债文新说,2026-08-14 07:30,日内行情近乎 “催眠”，尾盘传言搅动债市,https://mp.weixin.qq.com/s/7oIvQgOwLNKdkqfovqgGeA
债文新说,,,https://mp.weixin.qq.com/s/QfIPjuTWykCAigP2f7RrvQ
债文新说,2026-08-13 08:00,当央妈的隔夜逆回购首次出现在月中,https://mp.weixin.qq.com/s/m0mNowsBeojCmS9k34gduw
债文新说,2026-08-13 07:30,税期隔夜逆回购落地，算不算YM澄清信号？,https://mp.weixin.qq.com/s/IJVpvHKp3KrkSBY-Qsa4-Q
天风研究,2026-08-14 17:46,【邀请函】天风证券“珍惜金秋”2026秋季上市公司交流会,https://mp.weixin.qq.com/s/amJqEqypJYHL42gWJf_TDg
天风研究,2026-08-14 07:36,第十期｜研究框架培训·第九季——历九弥新·上下求索,https://mp.weixin.qq.com/s/AeURA7HXHgWxenoopPqV-g
天风研究,2026-08-10 18:16,天风首席联盟·固收系列 | 最全面的泛固收投研框架，8月21日上海重磅来袭,https://mp.weixin.qq.com/s/ziDH9ohvKpDHzpPpuZHw2g
天风研究,2026-08-10 07:43,第六期｜研究框架培训·第九季——历九弥新·上下求索,https://mp.weixin.qq.com/s/W181H6GHVzIOoiC9AZScFw
天风研究,2026-08-09 17:00,天风固收谭逸鸣： 金融脱媒与信用派生新逻辑,https://mp.weixin.qq.com/s/xIdmei3k35QG6XFFrGQkjg
天风研究,2026-08-08 17:00,第二周预告｜研究框架培训·第九季——历九弥新·上下求索,https://mp.weixin.qq.com/s/v789OpIPL3fi9Xhi6BlrFg
中金固定收益研究,2026-08-14 23:16,260814BondDaily-一周市场回顾,https://mp.weixin.qq.com/s/uQUUEuoM_P5ENfj7Dyt9_A
中金固定收益研究,2026-08-14 19:48,【中金固收·利率】融资需求继续减弱，货币政策仍有放松空间——7月金融数据点评,https://mp.weixin.qq.com/s/-PNaTE2g_o5JDuM8G27Kkw
银华固收交易,2026-08-14 17:37,【银华基金】交易日报2026-08-14,https://mp.weixin.qq.com/s/75Tc7cxHudmXdA8ktneyVg
岛上葫芦娃,2026-08-14 21:10,周复盘，这里观望为主,https://mp.weixin.qq.com/s/0saqMZwkt_0k97lrIuCxiA
岛上葫芦娃,2026-08-13 15:30,现券下行，导致期货冲高震荡,https://mp.weixin.qq.com/s/RN3Og7HJoYOXbOvqo9AQ-Q
岛上葫芦娃,2026-08-12 19:14,移仓换月，期货容易出现急涨急跌,https://mp.weixin.qq.com/s/TewZwrQ5LJjMWrvmpO_EsA
岛上葫芦娃,2026-08-11 15:43,期货有望短期见顶，后续有望迎来弱回调,https://mp.weixin.qq.com/s/-ZV5Q9S4faOqnUG0iBoKGQ
损益笔记,2026-03-17 21:39,债市日评,https://mp.weixin.qq.com/s/1N9KYvsJhHulsBgIeiEK4Q
损益笔记,2026-03-16 16:21,债市日评,https://mp.weixin.qq.com/s/vf_B4oVgwTiRiSKeG-2SMg
每调买机,2026-08-10 17:06,8.10：空机渐近或已到来，老空头开始止损，新空头可以尝试入场,https://mp.weixin.qq.com/s/TvpNCZQwSMNS0-sAEXWrfg
每调买机,2026-07-23 16:14,7.23：做陡策略一顿狂平，TL的春天或许才刚刚开始,https://mp.weixin.qq.com/s/JYryKbH3EsBeY1FB1QeAQA
每调买机,2026-07-21 16:19,7.21：一个莫得灵魂的合约--TL,https://mp.weixin.qq.com/s/OLD-10fDlPBPhFo5caNLMA
上海国际货币经纪,2026-08-14 18:13,收盘日评 | 银行间固收市场20260814,https://mp.weixin.qq.com/s/KtMVWosw98o3lrKpNpQujQ
上海国际货币经纪,2026-08-13 18:06,收盘日评 | 银行间固收市场20260813,https://mp.weixin.qq.com/s/x__AkU5cx_VwxESBx0j58A
上海国际货币经纪,2026-08-12 18:11,收盘日评 | 银行间固收市场20260812,https://mp.weixin.qq.com/s/yIdakaoLipvYX0svQnl90w
上海国际货币经纪,2026-08-11 18:27,收盘日评 | 银行间固收市场20260811,https://mp.weixin.qq.com/s/aKfqweE2mTOFIttiXlnsEg
上海国际货币经纪,2026-08-10 18:02,收盘日评 | 银行间固收市场20260810,https://mp.weixin.qq.com/s/sRwvvJ0DFWBJV_Z8hSVQtQ
债市唤醒官,2026-08-13 17:33,2026-0813- 明天的26T6（投票）新王即将登场,https://mp.weixin.qq.com/s/CfMDNcNF_Nc4pArgfXO80w
债市唤醒官,2026-08-12 18:24,2026-0812,https://mp.weixin.qq.com/s/k4__D9nWlLkfNFo7fBXWfA
债市唤醒官,2026-08-11 18:39,2026-0811-妈妈的试金石？,https://mp.weixin.qq.com/s/yrpiZrdc9f7xXYXenPF2zg
债市唤醒官,2026-08-10 17:53,2026-0810-今天你踏空了么？MDS投票,https://mp.weixin.qq.com/s/b9Ex7F0SDoBNcFJTzyJOfg
债市唤醒官,2026-08-09 12:13,岂惟涨沟溪，势已卷平陆,https://mp.weixin.qq.com/s/Bg3NQ2g8BVPd4kuvvyDygw
上海国利货币经纪有限公司,2026-08-14 18:14,【国利研究】我司联合研究成果在SSCI一区、ABS二星国际期刊《Global Finance Journal》公开发表（上）,https://mp.weixin.qq.com/s/EgV6PKYTi9l-vkxWsmOFSA
上海国利货币经纪有限公司,2026-08-13 18:28,【国利研究】资金市场日评,https://mp.weixin.qq.com/s/YlQ2jqcUvcSlkEchRd-Ryg
上海国利货币经纪有限公司,2026-08-12 18:44,【国利研究】资金市场日评,https://mp.weixin.qq.com/s/6e8Xvr-jN12NEYIdO-uaNQ
上海国利货币经纪有限公司,2026-08-11 18:25,【国利研究】资金市场日评,https://mp.weixin.qq.com/s/TuMf5HXartCIdKHHP_zjAQ
债券笔记,2026-08-14 18:16,【笔记20260814— -3400亿，这是好事啊】,https://mp.weixin.qq.com/s/fZYGlLgfgu8b7LXHCKUJsQ
债券笔记,2026-08-13 18:49,【笔记20260813— 给央妈点面子】,https://mp.weixin.qq.com/s/uTrZ-bM4oehRM4ASTlqpfQ
债券笔记,2026-08-12 18:53,【笔记20260812— 左手关闸，右手放水】,https://mp.weixin.qq.com/s/yj6br6tyey9VlKxft2FIhA
郭磊宏观茶座,2026-08-14 23:04,【广发宏观钟林楠】7月金融数据与近期央行操作简评,https://mp.weixin.qq.com/s/Wsl5vc2s2Su8U4Gv92tHCA
郭磊宏观茶座,2026-08-13 09:39,【广发宏观陈嘉荔】怎么看美国7月CPI和后续通胀走势,https://mp.weixin.qq.com/s/A0jXfNIYEFSA3bmJvfgz_w
郭磊宏观茶座,2026-08-10 22:24,【广发宏观文永恒】从创新扩散理论看AI创新周期位置,https://mp.weixin.qq.com/s/MQEYxTG3t1OUL5jmiLd95A
郭磊宏观茶座,2026-08-09 20:10,【广发宏观团队】先微观风险缓释，再宏观风险缓释,https://mp.weixin.qq.com/s/J-EagEguSGZsSole-RHL8g
郭磊宏观茶座,2026-08-08 15:30,【广发宏观陈嘉荔】如何理解7月非农数据及其影响,https://mp.weixin.qq.com/s/HKbzgQ98oBRAD-4QGGC_gA
川阅全球宏观,2026-08-12 23:32,AI沃土的通胀画像（国联民生宏观陶川）,https://mp.weixin.qq.com/s/cs0_5JNtnXVprLRx7gTMjw
川阅全球宏观,2026-08-11 07:40,如何追踪“六张网”建设进度？（国联民生宏观钟渝梅）,https://mp.weixin.qq.com/s/xg35ERFM-sMNEByS4qZysA
川阅全球宏观,2026-08-09 15:14,输入性通胀渐褪色（国联民生宏观钟渝梅）,https://mp.weixin.qq.com/s/uBiItI7ezSdBP4bvvXj5Dw
川阅全球宏观,2026-08-08 11:14,金铜迎共振，配置谁占优？（国联民生宏观陈艺鑫）,https://mp.weixin.qq.com/s/SzloKdBEce_tqgiG9CE85A
固收亮话,2026-08-13 15:30,债券所得税对利差的影响,https://mp.weixin.qq.com/s/nqxPu67Y3CTsp-dRirGxkQ
固收亮话,2026-08-12 15:30,中期选举前的“减压双重奏”,https://mp.weixin.qq.com/s/ZtQPhRZArfPn9h9ZY9TZRw
固收亮话,2026-08-11 15:30,固收实务投研框架系列会议（共12期，每周三晚上7点）,https://mp.weixin.qq.com/s/vRy8ZaqvQ25kmqBZsLO-Zg
固收亮话,2026-08-10 15:30,近期转债投资者结构有哪些边际变化,https://mp.weixin.qq.com/s/SQaIPiD5GTqcN132lYYp8w
固收亮话,2026-08-09 22:16,超长债需要止盈吗,https://mp.weixin.qq.com/s/f-UgaTX-xwJg_Ml7rqES7A
固收彬法,2026-08-14 08:00,量化日报 | 贵金属信号有所波动,https://mp.weixin.qq.com/s/GQT8TkNJqJQwV_i9mypSiQ
固收彬法,2026-08-14 07:30,2026，笔耕不辍，静待花开！—— 财通固收 · 隋修平团队,https://mp.weixin.qq.com/s/DBOV_vjehj44ksd3EpgAYg
固收彬法,2026-08-13 08:00,量化日报 | 债券延续多头,https://mp.weixin.qq.com/s/mDHio_mNmri23uhRH4J3hQ
