文件,函数,行,裸输出(print/tasks_echo/echo),log.*数,状态,完成
app/database.py,data_dir,18,0,0,待检查-补标准日志,
app/database.py,default_html_dir,23,0,0,待检查-补标准日志,
app/database.py,get_conn,28,0,0,待检查-补标准日志,
app/database.py,init_db,36,0,6,已收编,
app/env.py,env,11,0,0,待检查-补标准日志,
app/env.py,is_prod,16,0,0,待检查-补标准日志,
app/env.py,is_dev,21,0,0,待检查-补标准日志,
app/main.py,startup,38,0,0,待检查-补标准日志,
app/main.py,startup,45,0,0,待检查-补标准日志,
app/main.py,health,56,0,0,待检查-补标准日志,
app/main.py,ocr_ready,72,0,0,待检查-补标准日志,
app/core/common.py,wait_page_stable,22,0,0,待检查-补标准日志,
app/core/common.py,_read_point,59,0,0,待检查-补标准日志,
app/core/common.py,_extract_read_from_items,78,0,0,待检查-补标准日志,
app/core/common.py,_save_reads,112,0,1,已收编,
app/core/common.py,_finish,132,0,0,待检查-补标准日志,
app/core/common.py,merge_comment_shots,153,0,0,待检查-补标准日志,
app/core/common.py,clean_comment_text,192,0,0,待检查-补标准日志,
app/core/common.py,calc_comment_id,199,0,0,待检查-补标准日志,
app/core/common.py,save_comments,205,0,0,待检查-补标准日志,
app/core/common.py,_out,114,0,1,已收编,
app/core/common.py,_img,159,0,0,待检查-补标准日志,
app/core/computer.py,_u32,139,0,0,待检查-补标准日志,
app/core/computer.py,_k32,229,0,0,待检查-补标准日志,
app/core/computer.py,enable_dpi_awareness,255,0,0,待检查-补标准日志,
app/core/computer.py,_enum_all_windows,269,0,0,待检查-补标准日志,
app/core/computer.py,_pids_by_exe,287,0,0,待检查-补标准日志,
app/core/computer.py,find_windows,313,0,0,待检查-补标准日志,
app/core/computer.py,_force_foreground,341,0,0,待检查-补标准日志,
app/core/computer.py,show_window,352,0,0,待检查-补标准日志,
app/core/computer.py,close_window,366,0,0,待检查-补标准日志,
app/core/computer.py,move_window,373,0,0,待检查-补标准日志,
app/core/computer.py,mouse_click,408,0,0,待检查-补标准日志,
app/core/computer.py,_preview_worker,443,0,0,待检查-补标准日志,
app/core/computer.py,preview_point,477,0,0,待检查-补标准日志,
app/core/computer.py,capture_point,493,0,0,待检查-补标准日志,
app/core/computer.py,_set_latest_click,574,0,0,待检查-补标准日志,
app/core/computer.py,get_latest_click,580,0,0,待检查-补标准日志,
app/core/computer.py,clear_latest_click,587,0,0,待检查-补标准日志,
app/core/computer.py,flash_red_dot,594,0,0,待检查-补标准日志,
app/core/computer.py,scroll,601,0,0,待检查-补标准日志,
app/core/computer.py,type_text,635,0,0,待检查-补标准日志,
app/core/computer.py,_si_key,662,0,0,待检查-补标准日志,
app/core/computer.py,ctrl_key,675,0,0,待检查-补标准日志,
app/core/computer.py,ctrl_shift_key,687,0,0,待检查-补标准日志,
app/core/computer.py,key_press,701,0,0,待检查-补标准日志,
app/core/computer.py,read_clipboard_text,713,0,0,待检查-补标准日志,
app/core/computer.py,set_clipboard_text,738,0,0,待检查-补标准日志,
app/core/computer.py,clear_clipboard,765,0,0,待检查-补标准日志,
app/core/computer.py,_ll_kbd_proc,792,0,0,待检查-补标准日志,
app/core/computer.py,_snip_hook_thread,820,0,0,待检查-补标准日志,
app/core/computer.py,disable_snipping,830,0,0,待检查-补标准日志,
app/core/computer.py,enable_snipping,859,0,0,待检查-补标准日志,
app/core/computer.py,shot_abs,884,0,0,待检查-补标准日志,
app/core/computer.py,wechat_rect,904,0,0,待检查-补标准日志,
app/core/computer.py,work_area,918,0,0,待检查-补标准日志,
app/core/computer.py,screenshot,930,0,0,待检查-补标准日志,
app/core/computer.py,process_working_set,998,0,0,待检查-补标准日志,
app/core/computer.py,callback,275,0,0,待检查-补标准日志,
app/core/computer.py,callback,504,0,0,待检查-补标准日志,
app/core/computer.py,hook_thread,516,0,0,待检查-补标准日志,
app/core/inputlock.py,InputLock.__init__,37,0,0,待检查-补标准日志,
app/core/inputlock.py,InputLock._kb_callback,49,0,0,待检查-补标准日志,
app/core/inputlock.py,InputLock._ms_callback,73,0,0,待检查-补标准日志,
app/core/inputlock.py,InputLock._hook_thread,87,0,0,待检查-补标准日志,
app/core/inputlock.py,InputLock.start,114,0,0,待检查-补标准日志,
app/core/inputlock.py,InputLock.stop,123,0,0,待检查-补标准日志,
app/core/logkit.py,get_logger,40,0,0,基础设施保留,
app/core/logkit.py,_file_handlers,63,0,0,基础设施保留,
app/core/logkit.py,setup,82,0,0,基础设施保留,
app/core/logkit.py,_data_dir,148,0,0,基础设施保留,
app/core/logkit.py,set_level,155,0,0,基础设施保留,
app/core/logkit.py,handle_frontend_report,187,0,0,基础设施保留,
app/core/logkit.py,_PrefixFilter.__init__,47,0,0,基础设施保留,
app/core/logkit.py,_PrefixFilter.filter,50,0,0,基础设施保留,
app/core/logkit.py,_SseHandler.emit,56,1,0,基础设施保留,
app/core/logkit.py,_Slim.filter,139,0,0,基础设施保留,
app/core/obs.py,_record,26,0,0,待检查-补标准日志,
app/core/obs.py,timed,38,0,0,待检查-补标准日志,
app/core/obs.py,_rss_mb,58,0,0,待检查-补标准日志,
app/core/obs.py,_threads_handles,66,0,0,待检查-补标准日志,
app/core/obs.py,_flush,80,0,1,有log(待检查完善),
app/core/obs.py,start_sampler,100,0,1,有log(待检查完善),
app/core/obs.py,deco,40,0,0,待检查-补标准日志,
app/core/obs.py,loop,106,0,0,待检查-补标准日志,
app/core/obs.py,wrapper,42,0,0,待检查-补标准日志,
app/core/ocr.py,init,38,0,0,待检查-补标准日志,
app/core/ocr.py,get_ocr_engine,51,0,0,待检查-补标准日志,
app/core/ocr.py,ocr,62,0,0,待检查-补标准日志,
app/core/ocr.py,_text_brightness,98,0,0,待检查-补标准日志,
app/core/ocr.py,extract_reads,111,0,0,待检查-补标准日志,
app/core/ocr.py,extract_likes,121,0,0,待检查-补标准日志,
app/core/ocr.py,resolve_date,128,0,0,待检查-补标准日志,
app/core/ocr.py,_abs_sbox,181,0,0,待检查-补标准日志,
app/core/ocr.py,ocr_abs,186,0,0,待检查-补标准日志,
app/core/ocr.py,classify_items,198,0,0,待检查-补标准日志,
app/core/ocr.py,log_time_reject,289,0,0,待检查-补标准日志,
app/core/ocr.py,_name_color,299,0,0,待检查-补标准日志,
app/core/ocr.py,color_sort,323,0,0,待检查-补标准日志,
app/core/robot.py,request_stop,16,0,0,基础设施保留,
app/core/robot.py,clear_stop,21,0,0,基础设施保留,
app/core/robot.py,stop_requested,26,0,0,基础设施保留,
app/core/robot.py,bind_tasks_echo,31,0,0,基础设施保留,
app/core/robot.py,tasks_echo,39,1,0,基础设施保留,
app/repositories/accounts_repo.py,list_accounts,7,0,0,待检查-补标准日志,
app/repositories/accounts_repo.py,get,24,0,0,待检查-补标准日志,
app/repositories/accounts_repo.py,get_by_biz,33,0,0,待检查-补标准日志,
app/repositories/accounts_repo.py,min_sort,41,0,0,待检查-补标准日志,
app/repositories/accounts_repo.py,create,51,0,0,待检查-补标准日志,
app/repositories/accounts_repo.py,update,69,0,0,待检查-补标准日志,
app/repositories/accounts_repo.py,get_dup_biz,82,0,0,待检查-补标准日志,
app/repositories/accounts_repo.py,delete,91,0,0,待检查-补标准日志,
app/repositories/accounts_repo.py,clear,103,0,0,待检查-补标准日志,
app/repositories/accounts_repo.py,set_sort,113,0,0,待检查-补标准日志,
app/repositories/accounts_repo.py,articles_query,129,0,0,待检查-补标准日志,
app/repositories/accounts_repo.py,articles_count_by_biz,142,0,0,待检查-补标准日志,
app/repositories/accounts_repo.py,article_delete,151,0,0,待检查-补标准日志,
app/repositories/accounts_repo.py,article_update_by_biz_art,165,0,0,待检查-补标准日志,
app/repositories/accounts_repo.py,article_create,176,0,0,待检查-补标准日志,
app/repositories/accounts_repo.py,article_dup_count,188,0,0,待检查-补标准日志,
app/repositories/accounts_repo.py,article_insert_full,197,0,0,待检查-补标准日志,
app/repositories/accounts_repo.py,articles_by_account,210,0,0,待检查-补标准日志,
app/repositories/accounts_repo.py,article_delete_by_account,223,0,0,待检查-补标准日志,
app/repositories/accounts_repo.py,comments_query,234,0,0,待检查-补标准日志,
app/repositories/accounts_repo.py,comments_count_by_art,246,0,0,待检查-补标准日志,
app/repositories/accounts_repo.py,comment_dup_count,256,0,0,待检查-补标准日志,
app/repositories/accounts_repo.py,comment_insert,266,0,0,待检查-补标准日志,
app/repositories/accounts_repo.py,comments_delete,280,0,0,待检查-补标准日志,
app/repositories/points_repo.py,list_with_sort,6,0,0,待检查-补标准日志,
app/repositories/points_repo.py,get,18,0,0,待检查-补标准日志,
app/repositories/points_repo.py,get_xy,28,0,0,待检查-补标准日志,
app/repositories/points_repo.py,set_coords,37,0,0,待检查-补标准日志,
app/repositories/points_repo.py,create,50,0,0,待检查-补标准日志,
app/repositories/points_repo.py,update,64,0,0,待检查-补标准日志,
app/repositories/points_repo.py,delete,78,0,0,待检查-补标准日志,
app/repositories/points_repo.py,delete_many,89,0,0,待检查-补标准日志,
app/repositories/points_repo.py,import_upsert,101,0,0,待检查-补标准日志,
app/repositories/scrolls_repo.py,list_all,6,0,0,待检查-补标准日志,
app/repositories/scrolls_repo.py,get,15,0,0,待检查-补标准日志,
app/repositories/scrolls_repo.py,get_point_xy,24,0,0,待检查-补标准日志,
app/repositories/scrolls_repo.py,create,33,0,0,待检查-补标准日志,
app/repositories/scrolls_repo.py,update,46,0,0,待检查-补标准日志,
app/repositories/scrolls_repo.py,delete,59,0,0,待检查-补标准日志,
app/repositories/scrolls_repo.py,set_distance,69,0,0,待检查-补标准日志,
app/repositories/scrolls_repo.py,import_upsert,78,0,0,待检查-补标准日志,
app/repositories/settings_repo.py,get_setting,6,0,0,待检查-补标准日志,
app/repositories/settings_repo.py,set_setting,15,0,0,待检查-补标准日志,
app/repositories/settings_repo.py,get_ai,25,0,0,待检查-补标准日志,
app/repositories/settings_repo.py,save_ai,40,0,0,待检查-补标准日志,
app/routers/accounts.py,_cache_key,27,0,0,待检查-补标准日志,
app/routers/accounts.py,_cached,32,0,0,待检查-补标准日志,
app/routers/accounts.py,_row_to_dict,49,0,0,待检查-补标准日志,
app/routers/accounts.py,list_accounts,54,0,0,待检查-补标准日志,
app/routers/accounts.py,_extract_biz_from_link,73,0,0,待检查-补标准日志,
app/routers/accounts.py,_import_stream,81,0,0,待检查-补标准日志,
app/routers/accounts.py,_import_sse,138,0,0,待检查-补标准日志,
app/routers/accounts.py,import_accounts,155,0,0,待检查-补标准日志,
app/routers/accounts.py,create_account,163,0,0,待检查-补标准日志,
app/routers/accounts.py,sort_accounts,175,0,0,待检查-补标准日志,
app/routers/accounts.py,update_account,182,0,0,待检查-补标准日志,
app/routers/accounts.py,_order_sql,208,0,0,待检查-补标准日志,
app/routers/accounts.py,account_articles_by_biz,217,0,0,待检查-补标准日志,
app/routers/accounts.py,article_comments,279,0,0,待检查-补标准日志,
app/routers/accounts.py,delete_article_by_biz,329,0,0,待检查-补标准日志,
app/routers/accounts.py,save_article,349,0,0,待检查-补标准日志,
app/routers/accounts.py,create_article,377,0,0,待检查-补标准日志,
app/routers/accounts.py,_article_import_sse,394,0,0,待检查-补标准日志,
app/routers/accounts.py,import_articles,430,0,0,待检查-补标准日志,
app/routers/accounts.py,_comment_import_sse,444,0,0,待检查-补标准日志,
app/routers/accounts.py,import_comments,474,0,0,待检查-补标准日志,
app/routers/accounts.py,delete_comments,489,0,0,待检查-补标准日志,
app/routers/accounts.py,account_calendar,498,0,0,待检查-补标准日志,
app/routers/accounts.py,account_articles,515,0,0,待检查-补标准日志,
app/routers/accounts.py,delete_article,533,0,0,待检查-补标准日志,
app/routers/accounts.py,clear_accounts,540,0,0,待检查-补标准日志,
app/routers/accounts.py,delete_account,546,0,0,待检查-补标准日志,
app/routers/accounts.py,_b,57,0,0,待检查-补标准日志,
app/routers/accounts.py,_b,220,0,0,待检查-补标准日志,
app/routers/accounts.py,_b,282,0,0,待检查-补标准日志,
app/routers/auto_setup.py,_dpi,19,0,0,待检查-补标准日志,
app/routers/auto_setup.py,auto_setup_point,27,0,0,待检查-补标准日志,
app/routers/auto_setup.py,auto_setup_scroll,50,0,0,待检查-补标准日志,
app/routers/auto_setup.py,auto_setup_run_all,78,0,0,待检查-补标准日志,
app/routers/auto_setup.py,auto_setup_lock,108,0,0,待检查-补标准日志,
app/routers/auto_setup.py,auto_setup_unlock,116,0,0,待检查-补标准日志,
app/routers/auto_setup.py,auto_setup_stop,122,0,0,待检查-补标准日志,
app/routers/auto_setup.py,gen,90,0,0,待检查-补标准日志,
app/routers/collect.py,_task_begin,27,0,0,待检查-补标准日志,
app/routers/collect.py,_task_end,32,0,0,待检查-补标准日志,
app/routers/collect.py,_task_running_count,38,0,0,待检查-补标准日志,
app/routers/collect.py,_do_stop,47,0,0,待检查-补标准日志,
app/routers/collect.py,_notice_input_block,56,0,0,待检查-补标准日志,
app/routers/collect.py,_start_esc_listener,68,0,0,待检查-补标准日志,
app/routers/collect.py,_stop_esc_listener,81,0,0,待检查-补标准日志,
app/routers/collect.py,_sse,139,0,0,待检查-补标准日志,
app/routers/collect.py,_collect_generate,144,0,0,待检查-补标准日志,
app/routers/collect.py,_update_generate,283,0,0,待检查-补标准日志,
app/routers/collect.py,_comment_generate,397,0,0,待检查-补标准日志,
app/routers/collect.py,collect_stop,508,0,0,待检查-补标准日志,
app/routers/collect.py,collect_start,515,0,0,待检查-补标准日志,
app/routers/collect.py,collect_update,536,0,0,待检查-补标准日志,
app/routers/collect.py,collect_comments,556,0,0,待检查-补标准日志,
app/routers/collect.py,task_state,575,0,0,待检查-补标准日志,
app/routers/collect.py,hook,151,0,0,待检查-补标准日志,
app/routers/collect.py,worker,157,0,0,待检查-补标准日志,
app/routers/collect.py,hook,290,0,0,待检查-补标准日志,
app/routers/collect.py,worker,296,0,0,待检查-补标准日志,
app/routers/collect.py,hook,404,0,0,待检查-补标准日志,
app/routers/collect.py,worker,410,0,0,待检查-补标准日志,
app/routers/collect.py,wrap,522,0,0,待检查-补标准日志,
app/routers/collect.py,wrap,542,0,0,待检查-补标准日志,
app/routers/collect.py,wrap,562,0,0,待检查-补标准日志,
app/routers/conflicts.py,check,16,0,0,待检查-补标准日志,
app/routers/conflicts.py,list_all,23,0,0,待检查-补标准日志,
app/routers/conflicts.py,kill,29,0,0,待检查-补标准日志,
app/routers/license.py,license_status,17,0,0,待检查-补标准日志,
app/routers/license.py,license_verify,23,0,0,待检查-补标准日志,
app/routers/points.py,list_points,16,0,0,待检查-补标准日志,
app/routers/points.py,create_point,21,0,0,待检查-补标准日志,
app/routers/points.py,update_point,26,0,0,待检查-补标准日志,
app/routers/points.py,delete_point,33,0,0,待检查-补标准日志,
app/routers/points.py,preview_point,49,0,0,待检查-补标准日志,
app/routers/points.py,capture_point,59,0,0,待检查-补标准日志,
app/routers/points.py,capture_preview,73,0,0,待检查-补标准日志,
app/routers/points.py,batch_delete_points,84,0,0,待检查-补标准日志,
app/routers/points.py,_parse_points_file,100,0,0,待检查-补标准日志,
app/routers/points.py,import_points,155,0,0,待检查-补标准日志,
app/routers/resolve_api.py,resolve_name,10,0,0,待检查-补标准日志,
app/routers/scrolls.py,list_scrolls,16,0,0,待检查-补标准日志,
app/routers/scrolls.py,create_scroll,21,0,0,待检查-补标准日志,
app/routers/scrolls.py,update_scroll,27,0,0,待检查-补标准日志,
app/routers/scrolls.py,delete_scroll,34,0,0,待检查-补标准日志,
app/routers/scrolls.py,_parse_scroll_file,48,0,0,待检查-补标准日志,
app/routers/scrolls.py,import_scrolls,106,0,0,待检查-补标准日志,
app/routers/scrolls.py,run_scroll,117,0,0,待检查-补标准日志,
app/routers/settings.py,get_wechat_version,29,0,0,待检查-补标准日志,
app/routers/settings.py,wechat_check_api,35,0,0,待检查-补标准日志,
app/routers/settings.py,get_ai_settings,42,0,0,待检查-补标准日志,
app/routers/settings.py,save_ai_settings,47,0,0,待检查-补标准日志,
app/routers/settings.py,get_save_dir,54,0,0,待检查-补标准日志,
app/routers/settings.py,save_dir_api,61,0,0,待检查-补标准日志,
app/routers/settings.py,open_downloads,71,0,0,待检查-补标准日志,
app/routers/settings.py,pick_dir,86,0,0,待检查-补标准日志,
app/routers/settings.py,save_article_html_api,103,0,0,待检查-补标准日志,
app/routers/settings.py,launch_wechat,122,0,0,待检查-补标准日志,
app/routers/settings.py,_wx_win_width_check,142,0,0,待检查-补标准日志,
app/routers/settings.py,_detect_wx_status,169,0,0,待检查-补标准日志,
app/routers/settings.py,app_version,191,0,0,待检查-补标准日志,
app/routers/settings.py,wechat_status,197,0,0,待检查-补标准日志,
app/services/conflict_check.py,_rows,13,0,0,待检查-补标准日志,
app/services/conflict_check.py,_match_windows,35,0,0,待检查-补标准日志,
app/services/conflict_check.py,_match_processes,47,0,0,待检查-补标准日志,
app/services/conflict_check.py,check_conflicts,58,0,0,待检查-补标准日志,
app/services/conflict_check.py,list_conflicts,80,0,0,待检查-补标准日志,
app/services/doubao_api.py,_parse_interact_text,23,0,0,待检查-补标准日志,
app/services/doubao_api.py,recognize_interact,42,0,0,待检查-补标准日志,
app/services/doubao_api.py,doubao_extract_comments,110,0,0,待检查-补标准日志,
app/services/doubao_api.py,doubao_locate,183,0,0,待检查-补标准日志,
app/services/fetch_article.py,_headers,21,0,0,待检查-补标准日志,
app/services/fetch_article.py,_request_and_parse,30,0,0,待检查-补标准日志,
app/services/fetch_article.py,fetch_article,100,0,0,待检查-补标准日志,
app/services/fetch_article.py,fetch_article_full,112,0,0,待检查-补标准日志,
app/services/fetch_article.py,clean_filename,118,0,0,待检查-补标准日志,
app/services/fetch_article.py,localize_article_images,123,0,0,待检查-补标准日志,
app/services/fetch_article.py,save_article_html,172,0,0,待检查-补标准日志,
app/services/importer.py,_is_biz,23,0,0,待检查-补标准日志,
app/services/importer.py,_is_link,28,0,0,待检查-补标准日志,
app/services/importer.py,_is_gzh_link,33,0,0,待检查-补标准日志,
app/services/importer.py,_is_article_link,39,0,0,待检查-补标准日志,
app/services/importer.py,_is_name,45,0,0,待检查-补标准日志,
app/services/importer.py,_cn_ratio,52,0,0,待检查-补标准日志,
app/services/importer.py,parse_file,61,0,0,待检查-补标准日志,
app/services/importer.py,_parse_csv,72,0,0,待检查-补标准日志,
app/services/importer.py,_parse_excel,81,0,0,待检查-补标准日志,
app/services/importer.py,_extract,89,0,0,待检查-补标准日志,
app/services/importer.py,_match_header,150,0,0,待检查-补标准日志,
app/services/importer.py,_match_by_feature,168,0,0,待检查-补标准日志,
app/services/importer.py,_extract_links,196,0,0,待检查-补标准日志,
app/services/importer.py,parse_article_file,214,0,0,待检查-补标准日志,
app/services/importer.py,_norm_date,265,0,0,待检查-补标准日志,
app/services/importer.py,parse_article_rows,273,0,0,待检查-补标准日志,
app/services/importer.py,extract_art_biz,326,0,0,待检查-补标准日志,
app/services/importer.py,_to_flag,363,0,0,待检查-补标准日志,
app/services/importer.py,parse_comment_rows,368,0,0,待检查-补标准日志,
app/services/license.py,_license_path,37,0,0,待检查-补标准日志,
app/services/license.py,_guest_key_path,42,0,0,待检查-补标准日志,
app/services/license.py,has_guest_key,53,0,0,待检查-补标准日志,
app/services/license.py,_sign_activation,61,0,0,待检查-补标准日志,
app/services/license.py,_verify_activation,66,0,0,待检查-补标准日志,
app/services/license.py,_load_activation,75,0,0,待检查-补标准日志,
app/services/license.py,_save_activation,86,0,0,待检查-补标准日志,
app/services/license.py,_parse_exp,93,0,0,待检查-补标准日志,
app/services/license.py,verify_card,103,0,0,待检查-补标准日志,
app/services/license.py,_warn,142,0,0,待检查-补标准日志,
app/services/license.py,_ensure_guest_activation,151,0,0,待检查-补标准日志,
app/services/license.py,status,163,0,0,待检查-补标准日志,
app/services/resolve.py,_clean,17,0,0,待检查-补标准日志,
app/services/resolve.py,resolve_account,25,0,0,待检查-补标准日志,
app/services/stats.py,_collected_path,10,0,0,待检查-补标准日志,
app/services/stats.py,load_collected,14,0,0,待检查-补标准日志,
app/services/stats.py,account_stats,32,0,0,待检查-补标准日志,
app/services/stats.py,account_articles,48,0,0,待检查-补标准日志,
app/services/stats.py,get_account_collect,65,0,0,待检查-补标准日志,
app/services/wechat_check.py,find_wechat_path,48,0,0,待检查-补标准日志,
app/services/wechat_check.py,read_file_version,66,0,0,待检查-补标准日志,
app/services/wechat_check.py,local_version,89,0,0,待检查-补标准日志,
app/services/wechat_check.py,_online_exists,94,0,0,待检查-补标准日志,
app/services/wechat_check.py,online_latest,105,0,0,待检查-补标准日志,
app/services/wechat_check.py,check,115,0,0,待检查-补标准日志,
app/services/autosetup/base_points.py,_flow_point12_search_network,17,0,6,有log(待检查完善),
app/services/autosetup/base_points.py,_flow_point11_search_box,89,0,4,有log(待检查完善),
app/services/autosetup/base_points.py,_flow_point14_query_button,140,0,13,有log(待检查完善),
app/services/autosetup/base_points.py,snap,183,0,0,待检查-补标准日志,
app/services/autosetup/base_points.py,changed,186,0,0,待检查-补标准日志,
app/services/autosetup/calc_points.py,_calc_reads_box,12,0,4,有log(待检查完善),
app/services/autosetup/calc_points.py,fn,15,0,4,有log(待检查完善),
app/services/autosetup/content_points.py,_flow_article_bar_find,22,0,16,有log(待检查完善),
app/services/autosetup/content_points.py,_article_bar_entry,92,0,0,待检查-补标准日志,
app/services/autosetup/content_points.py,_diff_red,126,0,0,待检查-补标准日志,
app/services/autosetup/content_points.py,_flow_point34_comment,140,0,21,有log(待检查完善),
app/services/autosetup/content_points.py,_comment_area_prep,235,0,19,有log(待检查完善),
app/services/autosetup/content_points.py,_flow_comment_area_find,294,0,2,有log(待检查完善),
app/services/autosetup/content_points.py,_flow_comment_left_find,321,0,6,有log(待检查完善),
app/services/autosetup/content_points.py,_comment_area_entry,359,0,0,待检查-补标准日志,
app/services/autosetup/content_points.py,_comment_left_entry,378,0,0,待检查-补标准日志,
app/services/autosetup/content_points.py,fn,93,0,0,待检查-补标准日志,
app/services/autosetup/content_points.py,attempt,145,0,20,有log(待检查完善),
app/services/autosetup/content_points.py,fn,360,0,0,待检查-补标准日志,
app/services/autosetup/content_points.py,fn,379,0,0,待检查-补标准日志,
app/services/autosetup/engine.py,flow_point,97,0,0,待检查-补标准日志,
app/services/autosetup/engine.py,_flow_point18_three_dots,109,0,18,有log(待检查完善),
app/services/autosetup/engine.py,run_point_flow,230,0,0,待检查-补标准日志,
app/services/autosetup/engine.py,_attach_wechat,259,0,1,有log(待检查完善),
app/services/autosetup/engine.py,_ensure_wechat,274,0,0,待检查-补标准日志,
app/services/autosetup/engine.py,_point_order_from_db,303,0,0,待检查-补标准日志,
app/services/autosetup/engine.py,run_all_points_stream,318,0,1,有log(待检查完善),
app/services/autosetup/engine.py,_is_pure_calc,389,0,0,待检查-补标准日志,
app/services/autosetup/engine.py,_notice_block,412,0,0,待检查-补标准日志,
app/services/autosetup/engine.py,_on_esc,425,0,0,待检查-补标准日志,
app/services/autosetup/engine.py,_notice_block_push,445,0,0,待检查-补标准日志,
app/services/autosetup/engine.py,locked,454,0,0,待检查-补标准日志,
app/services/autosetup/engine.py,lock,459,0,0,待检查-补标准日志,
app/services/autosetup/engine.py,unlock,480,0,0,待检查-补标准日志,
app/services/autosetup/engine.py,drain_lock_notices,491,0,0,待检查-补标准日志,
app/services/autosetup/engine.py,stop_requested,498,0,0,待检查-补标准日志,
app/services/autosetup/engine.py,_flow_point27_copy,510,0,17,有log(待检查完善),
app/services/autosetup/engine.py,FlowContext.__init__,43,0,0,待检查-补标准日志,
app/services/autosetup/engine.py,FlowContext.click,46,0,0,待检查-补标准日志,
app/services/autosetup/engine.py,FlowContext.scroll,51,0,0,待检查-补标准日志,
app/services/autosetup/engine.py,FlowContext.shot,56,0,0,待检查-补标准日志,
app/services/autosetup/engine.py,FlowContext.ocr,60,0,0,待检查-补标准日志,
app/services/autosetup/engine.py,FlowContext.ocr_box,65,0,0,待检查-补标准日志,
app/services/autosetup/engine.py,FlowContext.locate,69,0,2,有log(待检查完善),
app/services/autosetup/engine.py,FlowContext.abs_loc,88,0,0,待检查-补标准日志,
app/services/autosetup/engine.py,deco,99,0,0,待检查-补标准日志,
app/services/autosetup/engine.py,attempt,123,0,17,有log(待检查完善),
app/services/autosetup/engine.py,snap,166,0,0,待检查-补标准日志,
app/services/autosetup/engine.py,changed,180,0,0,待检查-补标准日志,
app/services/autosetup/link_points.py,_flow_articles_list_full,22,0,0,待检查-补标准日志,
app/services/autosetup/link_points.py,_flow_articles_list_find,29,0,20,有log(待检查完善),
app/services/autosetup/link_points.py,_articles_list_entry,99,0,0,待检查-补标准日志,
app/services/autosetup/link_points.py,fn,101,0,0,待检查-补标准日志,
app/services/autosetup/split_points.py,_init_wechat_no_p9,19,0,0,待检查-补标准日志,
app/services/autosetup/split_points.py,_search_window_init_no_p9,58,0,0,待检查-补标准日志,
app/services/autosetup/split_points.py,_p9_probe,152,0,4,有log(待检查完善),
app/services/autosetup/split_points.py,_flow_point9_split_button,191,0,11,有log(待检查完善),
app/services/autosetup/split_points.py,check,136,0,0,待检查-补标准日志,
app/services/cardlib/codec.py,build_payload,17,0,0,待检查-补标准日志,
app/services/cardlib/codec.py,encode_card,25,0,0,待检查-补标准日志,
app/services/cardlib/codec.py,decode_card,32,0,0,待检查-补标准日志,
app/services/cardlib/fingerprint.py,normalize_fingerprint,19,0,0,待检查-补标准日志,
app/services/cardlib/fingerprint.py,calc_fingerprint,39,0,0,待检查-补标准日志,
app/services/cardlib/keys.py,generate_pair,13,0,0,待检查-补标准日志,
app/services/cardlib/keys.py,save_private_key,17,0,0,待检查-补标准日志,
app/services/cardlib/keys.py,save_public_key,27,0,0,待检查-补标准日志,
app/services/cardlib/keys.py,load_private_key,37,0,0,待检查-补标准日志,
app/services/cardlib/keys.py,load_public_key,46,0,0,待检查-补标准日志,
app/services/cardlib/sign.py,_payload_bytes,8,0,0,待检查-补标准日志,
app/services/cardlib/sign.py,sign_dict,12,0,0,待检查-补标准日志,
app/services/cardlib/sign.py,sign_payload,21,0,0,待检查-补标准日志,
app/services/cardlib/sign.py,verify_card,28,0,0,待检查-补标准日志,
app/services/tasks/article_collect.py,reset_session_links,32,0,0,待检查-补标准日志,
app/services/tasks/article_collect.py,article_list_wait_stable,46,29,3,待处理-收编,
app/services/tasks/article_collect.py,_save_article_base,350,0,8,已收编,
app/services/tasks/article_collect.py,_save_html_block,439,0,7,已收编,
app/services/tasks/article_collect.py,_bg_ai_metrics,461,0,7,已收编,
app/services/tasks/article_collect.py,_collect_metrics,501,0,5,已收编,
app/services/tasks/article_collect.py,_bg_reads_ocr,547,0,3,已收编,
app/services/tasks/article_collect.py,_collect_reads,564,0,8,已收编,
app/services/tasks/article_collect.py,article_data_collect,603,0,15,已收编,
app/services/tasks/article_collect.py,echo,131,0,1,已收编,
app/services/tasks/article_collect.py,_do_scroll,136,5,0,待处理-收编,
app/services/tasks/article_collect.py,step,621,0,1,已收编,
app/services/tasks/comment_collect.py,_expand_reply_buttons,33,0,6,已收编,
app/services/tasks/comment_collect.py,_bg_ai_comments,71,0,5,已收编,
app/services/tasks/comment_collect.py,_collect_comments,174,0,14,已收编,
app/services/tasks/comment_collect.py,_ocr_levels,107,0,0,待检查-补标准日志,
app/services/tasks/helpers.py,_submit_bg,21,0,0,待检查-补标准日志,
app/services/tasks/helpers.py,_save_debug_shot,32,0,1,已收编,
app/services/tasks/helpers.py,_save_debug_shot_b64,44,0,1,已收编,
app/services/tasks/helpers.py,_done_bg,57,0,0,待检查-补标准日志,
app/services/tasks/helpers.py,wait_bg_done,65,0,0,待检查-补标准日志,
app/services/tasks/key_search.py,_extract_article_points,33,0,7,已收编,
app/services/tasks/key_search.py,gzh_query_page_article_loop,110,15,9,待处理-收编,
app/services/tasks/key_search.py,gzh_query_page_init,271,0,0,待检查-补标准日志,
app/services/tasks/key_search.py,echo,147,0,1,已收编,
app/services/tasks/wx_window.py,init_wechat_window,22,0,0,待检查-补标准日志,
app/services/tasks/wx_window.py,search_window_init,128,0,0,待检查-补标准日志,
app/services/tasks/wx_window.py,search_query,250,0,0,待检查-补标准日志,
app/services/tasks/wx_window.py,init_app_window,302,0,0,待检查-补标准日志,
app/services/tasks/wx_window.py,once,36,0,0,待检查-补标准日志,
app/services/tasks/wx_window.py,check,230,0,0,待检查-补标准日志,
app/services/tasks/wx_window.py,_is_main,43,0,0,待检查-补标准日志,
app/utils/make_seed_db.py,make,25,0,0,待检查-补标准日志,
app/utils/migrate.py,_collected_path,11,0,0,待检查-补标准日志,
app/utils/migrate.py,migrate_collected,15,0,0,待检查-补标准日志,
